operator(color),airline (PAVlsign),flight number,airplane type,from  (ICAO),to (ICAO),approach time,departure time,approach altitude override (feet),special
TGB,TGB,2654,EJT1,KSFO,KLAX,23:51,,,
VAL,VAL,267,EJT1,KPHL,KLAX,23:49,,,
DEN,DEN,2212,EJT1,KDTW,KLAX,23:44,,,
DEN,DEN,1049,EJT1,KSLC,KLAX,23:43,,,
RAA,RAA,866,EJT1,PHNL,KLAX,23:42,,,
EMF,EMF,656,AJT0,PANC,KLAX,23:40,,,cargo
BTV,BTV,62,EJT1,PHKO,KLAX,23:35,,,
VAL,VAL,819,EJT1,KPHX,KLAX,23:30,,,
LAW,LAW,1636,EJT1,PHNL,KLAX,23:28,,,
VAL,VAL,1157,EJT1,KSTL,KLAX,23:23,,,
TGB,TGB,212,EJT1,PHOG,KLAX,23:20,,,
FRT,FRT,914,EJT1,MMGL,KLAX,23:16,,,
RAA,RAA,182,EJT1,KEWR,KLAX,23:14,,,
VAL,VAL,889,EJT1,KCMH,KLAX,23:09,,,
DEN,DEN,987,EJT1,KMSP,KLAX,23:03,,,
EMF,EMF,518,EJT1,MMGL,KLAX,23:01,,,
EMF,EMF,1820,AJT0,KSFO,KLAX,23:00,,,cargo
VAL,VAL,1437,EJT1,KLAS,KLAX,22:59,,,
VAL,VAL,101,EJT1,KFLL,KLAX,22:58,,,
VAL,VAL,957,EJT1,KMSP,KLAX,22:57,,,
TGB,TGB,1713,EJT1,KAUS,KLAX,22:56,,,
RAA,RAA,1442,EJT1,KMEM,KLAX,22:55,,,
DEN,DEN,383,AJT0,KATL,KLAX,22:54,,,
VAL,VAL,1453,EJT1,KBWI,KLAX,22:52,,,
DEN,DEN,910,EJT1,KTPA,KLAX,22:51,,,
VAL,VAL,1334,EJT1,PHKO,KLAX,22:50,,,
MAX,MAX,302,EJT1,MPTO,KLAX,22:49,,,
VAL,VAL,1359,EJT1,KORD,KLAX,22:48,,,
LAW,LAW,717,EJT1,KEWR,KLAX,22:47,,,
VAL,VAL,51,EJT1,KHOU,KLAX,22:46,,,
RAA,RAA,584,EJT1,KPDX,KLAX,22:45,,,
TGB,TGB,2139,EJT1,KTPA,KLAX,22:44,,,
TGB,TGB,1247,EJT1,KDFW,KLAX,22:43,,,
BTV,BTV,2,AJT0,PHNL,KLAX,22:42,,,
TGB,TGB,374,EJT1,KORD,KLAX,22:41,,,
VAL,VAL,2133,EJT1,KDEN,KLAX,22:40,,,
EMF,EMF,7002,AJT0,PHNL,KLAX,22:39,,,cargo
VAL,VAL,2199,EJT1,KBNA,KLAX,22:37,,,
EMF,EMF,937,AJT0,PANC,KLAX,22:36,,,cargo
TGB,TGB,1379,EJT1,KBOS,KLAX,22:34,,,
VAL,VAL,653,EJT1,KPIT,KLAX,22:33,,,
FRT,FRT,429,EJT1,KMSP,KLAX,22:31,,,
TGB,TGB,1041,EJT1,KPHL,KLAX,22:30,,,
EMF,EMF,146,EJT1,MMMX,KLAX,22:29,,,
RAA,RAA,558,EJT1,CYVR,KLAX,22:27,,,
LAW,LAW,2649,EJT1,KORD,KLAX,22:25,,,
VAL,VAL,1623,EJT1,KJFK,KLAX,22:23,,,
RAA,RAA,3582,EJT1,KPDX,KLAX,22:20,,,
TGB,TGB,482,EJT1,KCLT,KLAX,22:18,,,
BTV,BTV,64,EJT1,PHLI,KLAX,22:17,,,
FRT,FRT,1150,FRJ1,KRNO,KLAX,22:16,,,
TGB,TGB,2289,AJT0,KMIA,KLAX,22:14,,,
RAA,RAA,1196,EJT1,KSEA,KLAX,22:12,,,
FRT,FRT,1814,EJT1,KPHX,KLAX,22:11,,,
DEN,DEN,1098,EJT1,KMCO,KLAX,22:07,,,
DEN,DEN,353,AJT0,KJFK,KLAX,22:06,,,
VAL,VAL,106,EJT1,KDEN,KLAX,22:04,,,
VAL,VAL,867,EJT1,KDFW,KLAX,22:02,,,
VAL,VAL,409,EJT1,KOAK,KLAX,22:01,,,
VAL,VAL,1069,EJT1,MMUN,KLAX,21:59,,,
VAL,VAL,2342,EJT1,KSFO,KLAX,21:58,,,
FRT,FRT,648,EJT1,MMMX,KLAX,21:57,,,
LAW,LAW,262,EJT1,KDEN,KLAX,21:55,,,
VAL,VAL,1573,EJT1,KEWR,KLAX,21:53,,,
TGB,TGB,58,EJT1,PHKO,KLAX,21:52,,,
LAW,LAW,1137,EJT1,KIAH,KLAX,21:51,,,
LAW,LAW,1238,EJT1,KMCO,KLAX,21:49,,,
RAA,RAA,793,EJT1,CYYZ,KLAX,21:48,,,
FRT,FRT,520,EJT1,MSLP,KLAX,21:46,,,
VAL,VAL,1241,EJT1,KSMF,KLAX,21:43,,,
VAL,VAL,2171,EJT1,KSJC,KLAX,21:40,,,
FRT,FRT,920,EJT1,MMMM,KLAX,21:38,,,
LAW,LAW,466,EJT1,PHLI,KLAX,21:36,,,
DEN,DEN,696,EJT1,KSLC,KLAX,21:34,,,
FRT,FRT,916,EJT1,MMGL,KLAX,21:33,,,
TGB,TGB,820,EJT1,KPHX,KLAX,21:32,,,
LAW,LAW,1775,EJT1,KRSW,KLAX,21:31,,,
FRT,FRT,926,EJT1,MMMX,KLAX,21:30,,,
RAA,RAA,4097,EJT1,KSFO,KLAX,21:28,,,
EMF,EMF,369,AJT0,PHNL,KLAX,21:27,,,cargo
EMF,EMF,471,AJT0,PANC,KLAX,21:26,,,cargo
DEN,DEN,1151,EJT1,KATL,KLAX,21:25,,,
VAL,VAL,823,EJT1,KJFK,KLAX,21:24,,,
DEN,DEN,697,EJT1,KMEM,KLAX,21:23,,,
TGB,TGB,2191,EJT1,MMPR,KLAX,21:22,,,
LAW,LAW,1205,EJT1,PHKO,KLAX,21:21,,,
DEN,DEN,1194,EJT1,KMSY,KLAX,21:20,,,
LAW,LAW,333,EJT1,KBOS,KLAX,21:19,,,
LAW,LAW,517,EJT1,KJFK,KLAX,21:18,,,
LAW,LAW,706,EJT1,PHOG,KLAX,21:16,,,
MAX,MAX,3091,FRJ1,KSJC,KLAX,21:15,,,
RAA,RAA,5864,EJT1,KSMF,KLAX,21:13,,,
RAA,RAA,5496,EJT1,CYVR,KLAX,21:08,,,
RAA,RAA,783,EJT1,CYUL,KLAX,21:07,,,
VAL,VAL,2735,EJT1,KSFO,KLAX,21:06,,,
DEN,DEN,817,EJT1,KAUS,KLAX,21:05,,,
TGB,TGB,162,EJT1,PHNL,KLAX,21:03,,,
RAA,RAA,398,EJT1,KSEA,KLAX,21:02,,,
RAA,RAA,441,EJT1,MMUN,KLAX,21:01,,,
VAL,VAL,491,EJT1,KBUF,KLAX,21:00,,,
FRT,FRT,4092,EJT1,MGGT,KLAX,20:59,,,
VAL,VAL,943,EJT1,KRNO,KLAX,20:57,,,
DEN,DEN,495,EJT1,PHNL,KLAX,20:56,,,
LAW,LAW,1259,EJT1,KORD,KLAX,20:54,,,
LAW,LAW,1277,EJT1,MMUN,KLAX,20:52,,,
VAL,VAL,141,EJT1,KBWI,KLAX,20:51,,,
RAA,RAA,6246,EJT1,KTUL,KLAX,20:50,,,
TGB,TGB,1653,EJT1,KDFW,KLAX,20:49,,,
RAA,RAA,3557,EJT1,KPDX,KLAX,20:48,,,
LAW,LAW,1553,EJT1,MROC,KLAX,20:47,,,
DEN,DEN,622,EJT1,MMUN,KLAX,20:46,,,
MAX,MAX,4809,FRJ1,KASE,KLAX,20:45,,,
LAW,LAW,1190,AJT0,KEWR,KLAX,20:44,,,
VAL,VAL,327,EJT1,KIAH,KLAX,20:43,,,
RAA,RAA,546,EJT1,KEWR,KLAX,20:42,,,
TGB,TGB,1997,EJT1,KPHL,KLAX,20:41,,,
RAA,RAA,778,BIZ0,KMDW,KLAX,20:40,,,
VAL,VAL,1819,EJT1,PHOG,KLAX,20:39,,,
TGB,TGB,2697,AJT0,KDFW,KLAX,20:38,,,
RAA,RAA,1108,EJT1,KIAD,KLAX,20:37,,,
ANG,ANG,604,EJT1,MROC,KLAX,20:36,,,
RAA,RAA,1092,EJT1,KSEA,KLAX,20:35,,,
TGB,TGB,994,EJT1,KCLT,KLAX,20:34,,,
VAL,VAL,2155,EJT1,PHLI,KLAX,20:33,,,
TGB,TGB,1384,EJT1,KORD,KLAX,20:30,,,
DEN,DEN,342,EJT1,KDCA,KLAX,20:28,,,
DEN,DEN,313,AJT0,KJFK,KLAX,20:27,,,
RAA,RAA,3561,EJT1,KPHX,KLAX,20:26,,,
DEN,DEN,654,EJT1,KSEA,KLAX,20:25,,,
ANG,ANG,601,AJT0,ZBAA,KLAX,20:24,,,
BTV,BTV,34,AJT0,PHOG,KLAX,20:22,,,
RAA,RAA,291,EJT1,MMGL,KLAX,20:21,,,
VAL,VAL,812,EJT1,KLAS,KLAX,20:20,,,
TGB,TGB,1160,EJT1,KPHX,KLAX,20:19,,,
DEN,DEN,355,EJT1,PHOG,KLAX,20:18,,,
LAW,LAW,1231,EJT1,PHNL,KLAX,20:17,,,
DEN,DEN,2220,EJT1,KDTW,KLAX,20:16,,,
LAW,LAW,2674,AJT0,KEWR,KLAX,20:14,,,
VAL,VAL,187,EJT1,KBOS,KLAX,20:13,,,
TGB,TGB,314,AJT0,KMIA,KLAX,20:12,,,
LAW,LAW,1482,EJT1,KSFO,KLAX,20:11,,,
VAL,VAL,561,EJT1,KLAS,KLAX,20:10,,,
MAX,MAX,807,BTRP,KIPL,KLAX,20:08,,,
RAA,RAA,3693,EJT1,KDEN,KLAX,20:07,,,
EMF,EMF,9741,AJT0,KORD,KLAX,20:05,,,cargo
TGB,TGB,2512,EJT1,KMCO,KLAX,20:03,,,
DEN,DEN,995,EJT1,KMSP,KLAX,20:02,,,
LAW,LAW,633,EJT1,KDEN,KLAX,20:01,,,
RAA,RAA,3331,EJT1,KSJC,KLAX,19:59,,,
LAW,LAW,2148,EJT1,KLAS,KLAX,19:58,,,
VAL,VAL,2272,EJT1,KOAK,KLAX,19:57,,,
RAA,RAA,3815,EJT1,KLAS,KLAX,19:56,,,
RAA,RAA,6361,EJT1,KSEA,KLAX,19:55,,,
RAA,RAA,1413,EJT1,KPDX,KLAX,19:54,,,
EMF,EMF,213,AJT0,RKSI,KLAX,19:53,,,cargo
MAX,MAX,3206,FRJ1,KABQ,KLAX,19:52,,,
RAA,RAA,5826,EJT1,KBZN,KLAX,19:51,,,
LAW,LAW,2276,AJT0,KIAD,KLAX,19:50,,,
RAA,RAA,213,EJT1,KSFO,KLAX,19:49,,,
DEN,DEN,498,EJT1,KATL,KLAX,19:48,,,
LAW,LAW,1461,EJT1,KIAH,KLAX,19:47,,,
VAL,VAL,771,EJT1,KMSY,KLAX,19:46,,,
RAA,RAA,3605,EJT1,KABQ,KLAX,19:44,,,
TGB,TGB,306,EJT1,KJFK,KLAX,19:42,,,
VAL,VAL,1882,EJT1,KSLC,KLAX,19:38,,,
VAL,VAL,847,EJT1,KTUS,KLAX,19:35,,,
RAA,RAA,3665,EJT1,KSJC,KLAX,19:31,,,
RAA,RAA,882,EJT1,PHOG,KLAX,19:30,,,
RAA,RAA,4068,EJT1,KSMF,KLAX,19:27,,,
TGB,TGB,990,EJT1,KATL,KLAX,19:25,,,
RAA,RAA,6359,EJT1,KPDX,KLAX,19:23,,,
VAL,VAL,1105,EJT1,KSJC,KLAX,19:21,,,
VAL,VAL,1084,EJT1,KRNO,KLAX,19:20,,,
VAL,VAL,886,EJT1,KSMF,KLAX,19:18,,,
ANG,ANG,38,AJT0,WSSS,KLAX,19:15,,,
DEN,DEN,763,EJT1,KRDU,KLAX,19:13,,,
TGB,TGB,2364,EJT1,KORD,KLAX,19:12,,,
LAW,LAW,269,AJT0,EGLL,KLAX,19:11,,,
RAA,RAA,3855,EJT1,KRNO,KLAX,19:10,,,
TGB,TGB,2188,EJT1,KDCA,KLAX,19:01,,,
MAX,MAX,5627,FRJ1,KASE,KLAX,18:59,,,
VAL,VAL,2282,EJT1,KPHX,KLAX,18:58,,,
FRT,FRT,2062,FRJ1,KBOI,KLAX,18:56,,,
TGB,TGB,2283,AJT0,KMIA,KLAX,18:55,,,
TGB,TGB,740,EJT1,KLAS,KLAX,18:53,,,
PAV,PAV,8,AJT0,RCTP,KLAX,18:52,,,
MAX,MAX,3382,FRJ1,KOMA,KLAX,18:51,,,
DEN,DEN,563,AJT0,KJFK,KLAX,18:47,,,
LAW,LAW,440,EJT1,KDEN,KLAX,18:45,,,
ANG,ANG,16,AJT0,RCTP,KLAX,18:44,,,
DEN,DEN,419,EJT1,KBOS,KLAX,18:42,,,
TGB,TGB,1209,EJT1,KPHX,KLAX,18:40,,,
TGB,TGB,2338,EJT1,KDFW,KLAX,18:39,,,
ANG,ANG,655,AJT0,ZBAA,KLAX,18:37,,,
DEN,DEN,325,AJT0,KATL,KLAX,18:36,,,
TGB,TGB,2947,EJT1,KCLT,KLAX,18:34,,,
LAW,LAW,1578,EJT1,KIAH,KLAX,18:33,,,
DEN,DEN,630,EJT1,MMMX,KLAX,18:32,,,
RAA,RAA,216,EJT1,KSFO,KLAX,18:31,,,
RAA,RAA,3643,EJT1,KSFO,KLAX,18:30,,,
VAL,VAL,369,EJT1,KDEN,KLAX,18:29,,,
RAA,RAA,3433,EJT1,KEUG,KLAX,18:28,,,
VAL,VAL,599,EJT1,KAUS,KLAX,18:27,,,
RAA,RAA,3499,EJT1,KMFR,KLAX,18:26,,,
TGB,TGB,2546,EJT1,MMMX,KLAX,18:25,,,
TGB,TGB,341,EJT1,KJFK,KLAX,18:22,,,
VAL,VAL,2206,EJT1,MMPR,KLAX,18:21,,,
VAL,VAL,1566,EJT1,KSMF,KLAX,18:20,,,
RAA,RAA,212,EJT1,KAUS,KLAX,18:19,,,
RAA,RAA,5338,EJT1,KHDN,KLAX,18:18,,,
VAL,VAL,960,EJT1,KSJC,KLAX,18:17,,,
RAA,RAA,3954,EJT1,KTUS,KLAX,18:16,,,
FRT,FRT,84,AJT0,SKBO,KLAX,18:15,,,
TGB,TGB,1799,EJT1,KPHL,KLAX,18:14,,,
MAX,MAX,6363,FRJ1,KSFO,KLAX,18:13,,,
RAA,RAA,4080,EJT1,KBOI,KLAX,18:11,,,
EMF,EMF,3060,AJT0,KPDX,KLAX,18:09,,,cargo
RAA,RAA,3365,EJT1,KSTS,KLAX,18:06,,,
DEN,DEN,920,EJT1,KMSP,KLAX,18:00,,,
DEN,DEN,896,EJT1,KSEA,KLAX,17:59,,,
DEN,DEN,703,EJT1,KMCO,KLAX,17:58,,,
VAL,VAL,1240,EJT1,KDEN,KLAX,17:57,,,
LAW,LAW,2375,EJT1,KORD,KLAX,17:56,,,
TGB,TGB,2437,EJT1,KDFW,KLAX,17:54,,,
DEN,DEN,688,FRJ1,KIAH,KLAX,17:52,,,
VAL,VAL,386,EJT1,KOAK,KLAX,17:49,,,
EMF,EMF,5166,AJT0,RCTP,KLAX,17:48,,,cargo
RAA,RAA,5389,EJT1,KPHX,KLAX,17:46,,,
DEN,DEN,1002,EJT1,KSLC,KLAX,17:45,,,
LAW,LAW,684,EJT1,KLAS,KLAX,17:44,,,
LAW,LAW,5035,FRJ1,KPRC,KLAX,17:43,,,
LAW,LAW,5844,FRJ1,KRNO,KLAX,17:42,,,
LAW,LAW,5277,FRJ1,KRDM,KLAX,17:41,,,
RAA,RAA,4780,EJT1,KJAC,KLAX,17:40,,,
RAA,RAA,197,EJT1,KDEN,KLAX,17:39,,,
RAA,RAA,520,BIZ0,KLAS,KLAX,17:38,,,
RAA,RAA,4756,EJT1,KSUN,KLAX,17:37,,,
FRT,FRT,2080,FRJ1,KSJC,KLAX,17:36,,,
TGB,TGB,1264,EJT1,KDEN,KLAX,17:35,,,
LAW,LAW,1074,EJT1,KIAD,KLAX,17:34,,,
RAA,RAA,3885,EJT1,KLAS,KLAX,17:33,,,
LAW,LAW,5959,FRJ1,KEUG,KLAX,17:32,,,
VAL,VAL,3501,EJT1,KORD,KLAX,17:30,,,
VAL,VAL,502,EJT1,KSDF,KLAX,17:29,,,
LAW,LAW,2014,EJT1,KSFO,KLAX,17:28,,,
MAX,MAX,5578,FRJ1,KMFR,KLAX,17:27,,,
UAX,UAX,1,AJT0,EFHK,KLAX,17:26,,,
TGB,TGB,1536,AJT0,KMIA,KLAX,17:25,,,
VAL,VAL,913,EJT1,KMCI,KLAX,17:24,,,
RAA,RAA,3869,EJT1,KOAK,KLAX,17:23,,,
TGB,TGB,1255,EJT1,MMPR,KLAX,17:22,,,
LAW,LAW,751,EJT1,KEWR,KLAX,17:21,,,
EMF,EMF,2900,AJT0,KSDF,KLAX,17:20,,,cargo
LAW,LAW,5410,FRJ1,KMRY,KLAX,17:19,,,
RAA,RAA,250,EJT1,MMPR,KLAX,17:18,,,
VAL,VAL,102,AJT0,RPLL,KLAX,17:17,,,
DEN,DEN,2174,EJT1,KDTW,KLAX,17:16,,,
VAL,VAL,1065,EJT1,KPHX,KLAX,17:15,,,
RAA,RAA,5320,EJT1,KSEA,KLAX,17:14,,,
TGB,TGB,319,EJT1,KORD,KLAX,17:13,,,
DEN,DEN,1111,EJT1,KDFW,KLAX,17:12,,,
LAW,LAW,481,EJT1,MMPR,KLAX,17:11,,,
LAW,LAW,1221,EJT1,PHNL,KLAX,17:10,,,
RAA,RAA,3922,EJT1,KPHX,KLAX,17:09,,,
DEN,DEN,335,EJT1,KATL,KLAX,17:08,,,
DEN,DEN,1824,EJT1,MMSD,KLAX,17:07,,,
RAA,RAA,223,EJT1,MMMZ,KLAX,17:06,,,
LAW,LAW,1559,EJT1,KDEN,KLAX,17:05,,,
PAV,PAV,10,AJT0,RCTP,KLAX,17:04,,,
LAW,LAW,798,EJT1,MMSD,KLAX,17:03,,,
LAW,LAW,1677,EJT1,KMCO,KLAX,17:02,,,
LAW,LAW,11,AJT0,YSSY,KLAX,17:01,,,
MAX,MAX,3160,FRJ1,KASE,KLAX,17:00,,,
CBA,CBA,23,AJT0,EGLL,KLAX,16:59,,,
DEN,DEN,1821,EJT1,MMPR,KLAX,16:58,,,
VAL,VAL,461,EJT1,KIAH,KLAX,16:57,,,
VAL,VAL,1254,EJT1,KSMF,KLAX,16:55,,,
VAL,VAL,652,EJT1,KLAS,KLAX,16:53,,,
VAL,VAL,748,EJT1,KSJC,KLAX,16:51,,,
TGB,TGB,352,EJT1,KCLT,KLAX,16:49,,,
DEN,DEN,439,AJT0,KJFK,KLAX,16:47,,,
RAA,RAA,4251,EJT1,KSFO,KLAX,16:44,,,
TGB,TGB,540,EJT1,KAUS,KLAX,16:42,,,
VAL,VAL,547,EJT1,KLAS,KLAX,16:40,,,
FRT,FRT,9,AJT0,LTFM,KLAX,16:37,,,
RAA,RAA,1416,EJT1,KMEM,KLAX,16:34,,,
DEN,DEN,947,FRJ1,KSAT,KLAX,16:33,,,
MAX,MAX,6352,FRJ1,KOKC,KLAX,16:31,,,
FRT,FRT,642,EJT1,MMMX,KLAX,16:30,,,
ANG,ANG,681,AJT0,ZBAA,KLAX,16:29,,,
VAL,VAL,2531,EJT1,KSLC,KLAX,16:27,,,
VAL,VAL,2446,EJT1,MMSD,KLAX,16:24,,,
RAA,RAA,350,EJT1,KPDX,KLAX,16:23,,,
VAL,VAL,1480,EJT1,KSFO,KLAX,16:20,,,
BTV,BTV,8015,AJT0,RKSI,KLAX,16:18,,,
VAL,VAL,2273,EJT1,KEWR,KLAX,16:14,,,
RAA,RAA,554,EJT1,CYVR,KLAX,16:13,,,
FRT,FRT,1007,EJT1,KTUS,KLAX,16:11,,,
RAA,RAA,4048,EJT1,KSMF,KLAX,16:10,,,
LAW,LAW,1877,EJT1,KIAH,KLAX,16:08,,,
DEN,DEN,868,EJT1,KSEA,KLAX,16:04,,,
RAA,RAA,607,BIZ0,KSNA,KLAX,16:03,,,
MAX,MAX,805,BTRP,KIPL,KLAX,16:00,,,
VAL,VAL,2223,EJT1,KJFK,KLAX,15:59,,,
TGB,TGB,2559,EJT1,KDFW,KLAX,15:58,,,
TGB,TGB,1995,EJT1,MMSD,KLAX,15:56,,,
DEN,DEN,449,EJT1,KATL,KLAX,15:55,,,
UAX,UAX,7577,AJT0,ZSPD,KLAX,15:54,,,
FRT,FRT,40,AJT0,LSZH,KLAX,15:53,,,
TGB,TGB,654,EJT1,MMSD,KLAX,15:52,,,
UAX,UAX,1010,AJT0,NZCH,KLAX,15:51,,,
RAA,RAA,3847,EJT1,KSJC,KLAX,15:49,,,
RAA,RAA,133,EJT1,KSEA,KLAX,15:48,,,
DEN,DEN,1013,EJT1,KSLC,KLAX,15:46,,,
RAA,RAA,259,EJT1,MMLT,KLAX,15:45,,,
TGB,TGB,899,EJT1,KPHX,KLAX,15:44,,,
LAW,LAW,281,AJT0,EGLL,KLAX,15:42,,,
RAA,RAA,3412,EJT1,KSFO,KLAX,15:41,,,
VAL,VAL,921,EJT1,KSAT,KLAX,15:40,,,
VAL,VAL,1464,EJT1,MMSD,KLAX,15:38,,,
VAL,VAL,712,EJT1,KOAK,KLAX,15:37,,,
VAL,VAL,1056,EJT1,PHOG,KLAX,15:36,,,
FRT,FRT,72,AJT0,LFPG,KLAX,15:35,,,
RAA,RAA,3520,EJT1,KPDX,KLAX,15:33,,,
LAW,LAW,1925,EJT1,KORD,KLAX,15:26,,,
FRT,FRT,322,FRJ1,KLAS,KLAX,15:18,,,
VAL,VAL,1138,EJT1,KLAS,KLAX,15:16,,,
VAL,VAL,914,EJT1,KDEN,KLAX,15:14,,,
RAA,RAA,931,AJT0,EKCH,KLAX,15:12,,,
DEN,DEN,326,AJT0,KJFK,KLAX,15:10,,,
TGB,TGB,388,EJT1,KORD,KLAX,15:08,,,
RAA,RAA,106,AJT0,RJTT,KLAX,15:06,,,
VAL,VAL,1083,EJT1,KPHX,KLAX,15:04,,,
FRT,FRT,452,AJT0,EDDM,KLAX,15:03,,,
RAA,RAA,3574,EJT1,KFAT,KLAX,15:02,,,
VAL,VAL,2492,EJT1,KOAK,KLAX,15:01,,,
RAA,RAA,1436,EJT1,KSEA,KLAX,14:59,,,
LAW,LAW,403,AJT0,KDEN,KLAX,14:58,,,
RAA,RAA,3737,EJT1,KLAS,KLAX,14:57,,,
BTV,BTV,10,AJT0,PHNL,KLAX,14:56,,,
MAX,MAX,3144,FRJ1,KJAC,KLAX,14:55,,,
LAW,LAW,2191,EJT1,KIAH,KLAX,14:53,,,
LAW,LAW,451,AJT0,KEWR,KLAX,14:51,,,
TGB,TGB,3,EJT1,KJFK,KLAX,14:49,,,
DEN,DEN,988,EJT1,KAUS,KLAX,14:47,,,
LAW,LAW,2166,EJT1,KSFO,KLAX,14:45,,,
RAA,RAA,3601,EJT1,KPHX,KLAX,14:44,,,
TGB,TGB,1480,EJT1,PHNL,KLAX,14:42,,,
DEN,DEN,365,EJT1,KATL,KLAX,14:40,,,
DEN,DEN,2393,EJT1,KDTW,KLAX,14:36,,,
DEN,DEN,891,EJT1,KSEA,KLAX,14:33,,,
ANG,ANG,122,AJT0,RCTP,KLAX,14:25,,,
DEN,DEN,2755,EJT1,KMSP,KLAX,14:24,,,
TGB,TGB,2886,EJT1,KDFW,KLAX,14:22,,,
RAA,RAA,9642,AJT0,RJAA,KLAX,14:21,,,
MAX,MAX,3337,FRJ1,KEGE,KLAX,14:20,,,
RAA,RAA,114,BIZ0,KMDW,KLAX,14:18,,,
RAA,RAA,627,BIZ0,KACV,KLAX,14:16,,,
PAV,PAV,2006,AJT0,RCTP,KLAX,14:15,,,
TGB,TGB,1685,EJT1,KPHX,KLAX,14:14,,,
VAL,VAL,1403,EJT1,KMDW,KLAX,14:13,,,
VAL,VAL,523,EJT1,KJFK,KLAX,14:11,,,
EMF,EMF,7974,AJT0,PANC,KLAX,14:07,,,cargo
DEN,DEN,1876,EJT1,MMSD,KLAX,14:05,,,
EMF,EMF,510,EJT1,MMGL,KLAX,14:03,,,
ANG,ANG,204,AJT0,RKSI,KLAX,14:02,,,
RAA,RAA,3754,EJT1,KSFO,KLAX,14:01,,,
RAA,RAA,218,EJT1,MMSD,KLAX,13:59,,,
DEN,DEN,800,EJT1,KMCO,KLAX,13:58,,,
TGB,TGB,2488,EJT1,KLAS,KLAX,13:57,,,
VAL,VAL,2229,EJT1,PHNL,KLAX,13:55,,,
RAA,RAA,1422,EJT1,CYEG,KLAX,13:53,,,
MAX,MAX,4108,FRJ1,KASE,KLAX,13:51,,,
TGB,TGB,344,AJT0,KMIA,KLAX,13:49,,,
UAX,UAX,6,AJT0,NZAA,KLAX,13:48,,,
VAL,VAL,67,EJT1,KBDL,KLAX,13:47,,,
VAL,VAL,1730,EJT1,KMCI,KLAX,13:45,,,
RAA,RAA,3326,EJT1,KSLC,KLAX,13:43,,,
MAX,MAX,6945,FRJ1,KDEN,KLAX,13:41,,,
RAA,RAA,3892,EJT1,KTUS,KLAX,13:40,,,
VAL,VAL,687,EJT1,KBOS,KLAX,13:38,,,
VAL,VAL,2241,EJT1,KSJC,KLAX,13:37,,,
RAA,RAA,770,BIZ0,KHPN,KLAX,13:36,,,
CBA,CBA,7,AJT0,EGLL,KLAX,13:34,,,
TGB,TGB,1459,EJT1,KAUS,KLAX,13:33,,,
DEN,DEN,351,AJT0,KJFK,KLAX,13:32,,,
EMF,EMF,300,AJT0,MMGL,KLAX,13:31,,,cargo
RAA,RAA,1500,EJT1,KDSM,KLAX,13:30,,,
RAA,RAA,4171,EJT1,KDEN,KLAX,13:27,,,
EMF,EMF,443,AJT0,ZSPD,KLAX,13:26,,,cargo
VAL,VAL,700,EJT1,KDEN,KLAX,13:25,,,
RAA,RAA,4172,EJT1,KRNO,KLAX,13:23,,,
LAW,LAW,285,EJT1,KDEN,KLAX,13:22,,,
VAL,VAL,642,EJT1,KMKE,KLAX,13:20,,,
LAW,LAW,490,EJT1,KORD,KLAX,13:18,,,
TGB,TGB,1871,EJT1,KCLT,KLAX,13:17,,,
RAA,RAA,3933,EJT1,KABQ,KLAX,13:16,,,
TGB,TGB,135,AJT0,EGLL,KLAX,13:14,,,
ANG,ANG,739,AJT0,OTBD,KLAX,13:12,,,
RAA,RAA,5463,EJT1,KSLC,KLAX,13:11,,,
RAA,RAA,6366,EJT1,KTUS,KLAX,13:10,,,
VAL,VAL,11,EJT1,KHOU,KLAX,13:09,,,
TGB,TGB,2543,EJT1,KDFW,KLAX,13:08,,,
RAA,RAA,3594,EJT1,KLAS,KLAX,13:07,,,
RAA,RAA,5402,EJT1,KFAT,KLAX,13:06,,,
VAL,VAL,1773,EJT1,KEWR,KLAX,13:05,,,
TGB,TGB,302,EJT1,KJFK,KLAX,13:04,,,
VAL,VAL,131,EJT1,KDFW,KLAX,13:03,,,
FRT,FRT,456,AJT0,EDDF,KLAX,13:02,,,
DEN,DEN,515,EJT1,KATL,KLAX,13:01,,,
RAA,RAA,80,EJT1,KFLL,KLAX,13:00,,,
MAX,MAX,6362,FRJ1,KSFO,KLAX,12:59,,,
VAL,VAL,264,EJT1,KTUS,KLAX,12:58,,,
LAW,LAW,632,AJT0,KIAD,KLAX,12:57,,,
VAL,VAL,2835,EJT1,KSFO,KLAX,12:55,,,
BTV,BTV,11,AJT0,RKSI,KLAX,12:54,,,
LAW,LAW,1076,AJT0,KEWR,KLAX,12:53,,,
RAA,RAA,6368,EJT1,KELP,KLAX,12:52,,,
RAA,RAA,4181,EJT1,KOAK,KLAX,12:51,,,
VAL,VAL,177,EJT1,KABQ,KLAX,12:50,,,
DEN,DEN,1972,EJT1,MROC,KLAX,12:49,,,
TGB,TGB,2242,EJT1,KORD,KLAX,12:48,,,
RAA,RAA,5435,EJT1,KPHX,KLAX,12:47,,,
FRT,FRT,66,AJT0,LFPG,KLAX,12:46,,,
PAV,PAV,2008,AJT0,RCTP,KLAX,12:45,,,
RAA,RAA,3321,EJT1,KSFO,KLAX,12:44,,,
VAL,VAL,955,EJT1,KMSY,KLAX,12:43,,,
RAA,RAA,3502,EJT1,KRNO,KLAX,12:42,,,
RAA,RAA,6364,EJT1,KSMF,KLAX,12:40,,,
TGB,TGB,255,EJT1,KJFK,KLAX,12:38,,,
VAL,VAL,1719,EJT1,KLAS,KLAX,12:36,,,
FRT,FRT,215,AJT0,OMDB,KLAX,12:35,,,
RAA,RAA,42,EJT1,KTPA,KLAX,12:34,,,
RAA,RAA,3593,EJT1,KRNO,KLAX,12:33,,,
TGB,TGB,2737,EJT1,KATL,KLAX,12:32,,,
VAL,VAL,803,EJT1,KPHX,KLAX,12:29,,,
EMF,EMF,273,AJT0,SPIM,KLAX,12:27,,,cargo
VAL,VAL,1307,EJT1,KLAS,KLAX,12:26,,,
VAL,VAL,2015,EJT1,KSFO,KLAX,12:24,,,
VAL,VAL,2123,EJT1,KJFK,KLAX,12:23,,,
RAA,RAA,436,EJT1,KSEA,KLAX,12:22,,,
RAA,RAA,811,BIZ0,KSFO,KLAX,12:21,,,
FRT,FRT,644,EJT1,MMMX,KLAX,12:19,,,
LAW,LAW,5757,FRJ1,KSBA,KLAX,12:18,,,
RAA,RAA,1510,EJT1,CYYC,KLAX,12:17,,,
DEN,DEN,908,EJT1,KSEA,KLAX,12:16,,,
TGB,TGB,1625,EJT1,KPHX,KLAX,12:14,,,
TGB,TGB,9728,AJT0,ZSPD,KLAX,12:13,,,
VAL,VAL,1079,EJT1,KLAS,KLAX,12:11,,,
VAL,VAL,235,EJT1,KELP,KLAX,12:09,,,
DEN,DEN,1159,EJT1,KLAS,KLAX,12:07,,,
TGB,TGB,582,EJT1,KPHL,KLAX,12:04,,,
DEN,DEN,516,EJT1,KATL,KLAX,12:03,,,
RAA,RAA,3622,EJT1,KPHX,KLAX,12:02,,,
LAW,LAW,1863,EJT1,KLAS,KLAX,12:01,,,
RAA,RAA,3642,EJT1,KPDX,KLAX,12:00,,,
DEN,DEN,1008,EJT1,KSLC,KLAX,11:59,,,
DEN,DEN,312,EJT1,KBOS,KLAX,11:58,,,
LAW,LAW,1647,AJT0,KIAH,KLAX,11:57,,,
LAW,LAW,515,EJT1,KJFK,KLAX,11:55,,,
TGB,TGB,399,EJT1,KCLT,KLAX,11:54,,,
RAA,RAA,5,EJT1,KDCA,KLAX,11:53,,,
TGB,TGB,2869,EJT1,KAUS,KLAX,11:52,,,
TGB,TGB,448,EJT1,KDFW,KLAX,11:51,,,
VAL,VAL,674,EJT1,KOAK,KLAX,11:49,,,
LAW,LAW,2320,EJT1,KMCO,KLAX,11:48,,,
RAA,RAA,550,EJT1,CYVR,KLAX,11:47,,,
VAL,VAL,2201,EJT1,KSMF,KLAX,11:46,,,
LAW,LAW,5513,FRJ1,KSMF,KLAX,11:43,,,
RAA,RAA,1442,EJT1,KPDX,KLAX,11:42,,,
MAX,MAX,360,EJT1,MPTO,KLAX,11:41,,,
LAW,LAW,5793,FRJ1,KSAN,KLAX,11:40,,,
LAW,LAW,552,EJT1,KSFO,KLAX,11:39,,,
DEN,DEN,543,AJT0,KJFK,KLAX,11:38,,,
PAV,PAV,6,AJT0,RCTP,KLAX,11:37,,,
TGB,TGB,2186,AJT0,KMIA,KLAX,11:36,,,
VAL,VAL,701,EJT1,KFLL,KLAX,11:35,,,
BTV,BTV,601,AJT0,EHAM,KLAX,11:34,,,
CBA,CBA,2476,AJT0,SPIM,KLAX,11:33,,,
MAX,MAX,3194,FRJ1,KABQ,KLAX,11:32,,,
RAA,RAA,5548,EJT1,KRNO,KLAX,11:31,,,
RAA,RAA,24,EJT1,KEWR,KLAX,11:30,,,
VAL,VAL,2358,EJT1,KDEN,KLAX,11:29,,,
RAA,RAA,3687,EJT1,KSFO,KLAX,11:28,,,
UAX,UAX,810,AJT0,NFFN,KLAX,11:27,,,
FRT,FRT,320,FRJ1,KLAS,KLAX,11:26,,,
RAA,RAA,3614,EJT1,KSMF,KLAX,11:25,,,
TGB,TGB,2455,EJT1,KBOS,KLAX,11:24,,,
LAW,LAW,5883,FRJ1,KSBP,KLAX,11:23,,,
LAW,LAW,2242,AJT0,KORD,KLAX,11:22,,,
LAW,LAW,1075,EJT1,KDEN,KLAX,11:21,,,
VAL,VAL,185,EJT1,KCLE,KLAX,11:20,,,
LAW,LAW,1499,AJT0,KEWR,KLAX,11:18,,,
TGB,TGB,1887,EJT1,KPHX,KLAX,11:17,,,
DEN,DEN,1120,EJT1,KMSP,KLAX,11:16,,,
MAX,MAX,803,BTRP,KIPL,KLAX,11:15,,,
VAL,VAL,2986,EJT1,KMIA,KLAX,11:14,,,
VAL,VAL,2244,EJT1,KLAS,KLAX,11:13,,,
DEN,DEN,1966,EJT1,MSLP,KLAX,11:12,,,
RAA,RAA,4029,EJT1,KSJC,KLAX,11:11,,,
MAX,MAX,3429,EJT1,KSJC,KLAX,11:10,,,
TGB,TGB,2102,EJT1,KLAS,KLAX,11:09,,,
DEN,DEN,637,EJT1,MMUN,KLAX,11:08,,,
EMF,EMF,221,AJT0,ZSPD,KLAX,11:07,,,cargo
VAL,VAL,723,EJT1,KJFK,KLAX,11:06,,,
ANG,ANG,12,AJT0,RJAA,KLAX,11:05,,,
TGB,TGB,383,EJT1,KORD,KLAX,11:04,,,
DEN,DEN,2528,EJT1,KDTW,KLAX,11:03,,,
VAL,VAL,628,EJT1,KATL,KLAX,11:02,,,
LAW,LAW,283,EJT1,MGGT,KLAX,11:01,,,
FRT,FRT,522,EJT1,MSLP,KLAX,10:59,,,
MAX,MAX,3619,EJT1,KLAS,KLAX,10:53,,,
DEN,DEN,1903,EJT1,MGGT,KLAX,10:52,,,
FRT,FRT,646,AJT0,MMMX,KLAX,10:50,,,
UAX,UAX,7583,AJT0,ZSPD,KLAX,10:49,,,
TGB,TGB,481,EJT1,KFLL,KLAX,10:48,,,
VAL,VAL,1473,EJT1,KPHX,KLAX,10:47,,,
EMF,EMF,1810,AJT0,MMMX,KLAX,10:46,,,cargo
MAX,MAX,3774,EJT1,KGEG,KLAX,10:45,,,
LAW,LAW,1653,EJT1,MMUN,KLAX,10:43,,,
RAA,RAA,3355,EJT1,KSFO,KLAX,10:41,,,
RAA,RAA,791,AJT0,CYYZ,KLAX,10:40,,,
FRT,FRT,662,EJT1,MMOX,KLAX,10:38,,,
VAL,VAL,380,EJT1,KSTL,KLAX,10:37,,,
EMF,EMF,6874,AJT0,MMMX,KLAX,10:36,,,cargo
TGB,TGB,1275,EJT1,KDCA,KLAX,10:33,,,
BTV,BTV,6720,AJT0,RJAA,KLAX,10:31,,,
RAA,RAA,304,EJT1,KSEA,KLAX,10:27,,,
RAA,RAA,359,BIZ0,KSFO,KLAX,10:26,,,
VAL,VAL,287,EJT1,KBOS,KLAX,10:24,,,
EMF,EMF,282,AJT0,RKSI,KLAX,10:23,,,cargo
PAV,PAV,20,AJT0,RCTP,KLAX,10:22,,,
DEN,DEN,345,EJT1,KATL,KLAX,10:21,,,
DEN,DEN,1006,EJT1,KSLC,KLAX,10:19,,,
BTV,BTV,62,AJT0,RJAA,KLAX,10:18,,,
DEN,DEN,747,EJT1,KFLL,KLAX,10:17,,,
VAL,VAL,123,EJT1,KJFK,KLAX,10:16,,,
FRT,FRT,782,EJT1,MMGL,KLAX,10:14,,,
VAL,VAL,462,EJT1,KMSY,KLAX,10:10,,,
TGB,TGB,1,EJT1,KJFK,KLAX,10:06,,,
LAW,LAW,1670,EJT1,MSLP,KLAX,10:03,,,
TGB,TGB,1674,EJT1,KCLT,KLAX,10:02,,,
MAX,MAX,3617,EJT1,KBOI,KLAX,09:59,,,
VAL,VAL,2238,EJT1,KBNA,KLAX,09:58,,,
FRT,FRT,2550,FRJ1,KGEG,KLAX,09:56,,,
VAL,VAL,1212,EJT1,KSLC,KLAX,09:54,,,
LAW,LAW,752,EJT1,KEWR,KLAX,09:53,,,
LAW,LAW,2617,EJT1,KSFO,KLAX,09:52,,,
DEN,DEN,302,AJT0,KJFK,KLAX,09:51,,,
VAL,VAL,1349,EJT1,KOAK,KLAX,09:50,,,
DEN,DEN,936,EJT1,KMSP,KLAX,09:49,,,
VAL,VAL,5112,AJT0,RPLL,KLAX,09:48,,,
TGB,TGB,2424,EJT1,KDFW,KLAX,09:46,,,
DEN,DEN,736,EJT1,KTPA,KLAX,09:44,,,
EMF,EMF,8209,AJT0,RKSI,KLAX,09:43,,,cargo
VAL,VAL,983,EJT1,KSMF,KLAX,09:42,,,
MAX,MAX,3973,FRJ1,KTUS,KLAX,09:41,,,
EMF,EMF,257,AJT0,RJNN,KLAX,09:39,,,cargo
DEN,DEN,2485,EJT1,KSEA,KLAX,09:38,,,
VAL,VAL,2798,EJT1,KJAX,KLAX,09:37,,,
VAL,VAL,1461,EJT1,KOAK,KLAX,09:36,,,
DEN,DEN,1095,EJT1,KMCO,KLAX,09:34,,,
LAW,LAW,311,EJT1,KBOS,KLAX,09:32,,,
MAX,MAX,3734,EJT1,KSFO,KLAX,09:31,,,
LAW,LAW,33,AJT0,RJAA,KLAX,09:30,,,
VAL,VAL,1124,EJT1,KBWI,KLAX,09:29,,,
LAW,LAW,2105,EJT1,KORD,KLAX,09:28,,,
BTV,BTV,441,AJT0,ZSPD,KLAX,09:26,,,
RAA,RAA,6,AJT0,RJAA,KLAX,09:24,,,
LAW,LAW,5367,FRJ1,KCOS,KLAX,09:22,,,
VAL,VAL,1303,EJT1,KSJC,KLAX,09:20,,,
TGB,TGB,377,EJT1,KBOS,KLAX,09:18,,,
VAL,VAL,1540,EJT1,KAUS,KLAX,09:17,,,
RAA,RAA,257,EJT1,KSEA,KLAX,09:16,,,
LAW,LAW,1093,EJT1,KDEN,KLAX,09:15,,,
RAA,MAX,5408,EJT1,KSLC,KLAX,09:14,,,
TGB,TGB,497,EJT1,KPHL,KLAX,09:13,,,
TGB,TGB,669,EJT1,KORD,KLAX,09:12,,,
EMF,EMF,2096,AJT0,PANC,KLAX,09:11,,,cargo
LAW,LAW,5247,FRJ1,KBOI,KLAX,09:10,,,
TGB,TGB,1393,EJT1,KBNA,KLAX,09:09,,,
TGB,TGB,1932,EJT1,KIND,KLAX,09:07,,,
VAL,VAL,1332,EJT1,KLAS,KLAX,09:06,,,
MAX,MAX,3490,EJT1,KBOI,KLAX,09:05,,,
TGB,TGB,880,EJT1,KMCO,KLAX,09:04,,,
DEN,DEN,1117,EJT1,KSLC,KLAX,09:03,,,
TGB,TGB,2580,EJT1,KPHX,KLAX,09:02,,,
RAA,RAA,217,EJT1,KAUS,KLAX,09:01,,,
VAL,VAL,2801,EJT1,KFLL,KLAX,09:00,,,
TGB,TGB,2891,EJT1,KSFO,KLAX,08:59,,,
MAX,MAX,5896,FRJ1,KASE,KLAX,08:58,,,
LAW,LAW,1068,EJT1,KIAH,KLAX,08:57,,,
DEN,DEN,412,EJT1,KATL,KLAX,08:56,,,
LAW,LAW,251,EJT1,KBWI,KLAX,08:55,,,
VAL,VAL,1373,EJT1,KEWR,KLAX,08:54,,,
RAA,RAA,214,EJT1,KSFO,KLAX,08:53,,,
DEN,DEN,932,EJT1,KIND,KLAX,08:52,,,
LAW,LAW,1977,EJT1,KCLE,KLAX,08:51,,,
LAW,LAW,1789,EJT1,KTPA,KLAX,08:50,,,
MAX,MAX,3442,EJT1,KRDM,KLAX,08:49,,,
VAL,VAL,2107,EJT1,KRNO,KLAX,08:48,,,
DEN,DEN,994,EJT1,KBNA,KLAX,08:47,,,
MAX,MAX,4147,EJT1,KDEN,KLAX,08:46,,,
VAL,VAL,1311,EJT1,KMCO,KLAX,08:45,,,
MAX,MAX,5562,EJT1,KSEA,KLAX,08:44,,,
VAL,VAL,764,EJT1,KDEN,KLAX,08:43,,,
FRT,FRT,918,EJT1,MMGL,KLAX,08:42,,,
TGB,TGB,171,EJT1,KJFK,KLAX,08:41,,,
MAX,MAX,5329,EJT1,KACV,KLAX,08:40,,,
RAA,RAA,718,EJT1,KCVG,KLAX,08:39,,,
DEN,DEN,678,FRJ1,KIAH,KLAX,08:38,,,
VAL,VAL,1098,EJT1,KHOU,KLAX,08:37,,,
DEN,DEN,1097,EJT1,KMSY,KLAX,08:36,,,
LAW,LAW,1765,EJT1,KIAD,KLAX,08:35,,,
VAL,VAL,799,EJT1,KMDW,KLAX,08:33,,,
VAL,VAL,947,EJT1,KDTW,KLAX,08:32,,,
BTV,BTV,16,AJT0,RJTT,KLAX,08:31,,,
MAX,MAX,6255,FRJ1,KOKC,KLAX,08:29,,,
RAA,RAA,404,EJT1,KSEA,KLAX,08:28,,,
MAX,MAX,3269,FRJ1,KIAH,KLAX,08:26,,,
LAW,LAW,5725,FRJ1,KRDD,KLAX,08:24,,,
TGB,TGB,453,EJT1,KSTL,KLAX,08:22,,,
MAX,MAX,3747,EJT1,KOAK,KLAX,08:21,,,
MAX,MAX,6249,FRJ1,KSEA,KLAX,08:19,,,
TGB,TGB,2853,EJT1,KDFW,KLAX,08:18,,,
VAL,VAL,1681,EJT1,KOAK,KLAX,08:13,,,
VAL,VAL,884,AJT0,VHHH,KLAX,08:11,,,
TGB,TGB,1394,EJT1,KSAT,KLAX,08:10,,,
RAA,RAA,6244,EJT1,KPDX,KLAX,08:08,,,
DEN,DEN,2942,EJT1,KMCI,KLAX,08:07,,,
LAW,MAX,5658,FRJ1,KMRY,KLAX,08:06,,,
MAX,MAX,5514,FRJ1,KSAN,KLAX,08:05,,,
RAA,RAA,502,EJT1,KPDX,KLAX,08:04,,,
DEN,DEN,1636,EJT1,KPDX,KLAX,08:00,,,
TGB,TGB,2690,EJT1,KLAS,KLAX,07:58,,,
RAA,RAA,3354,EJT1,KSJC,KLAX,07:57,,,
FRT,FRT,9136,AJT0,MMGL,KLAX,07:56,,,cargo
RAA,RAA,3308,EJT1,KLAS,KLAX,07:55,,,
RAA,RAA,3607,EJT1,KSJC,KLAX,07:50,,,
DEN,DEN,1029,EJT1,KCVG,KLAX,07:48,,,
MAX,MAX,6240,EJT1,KTUS,KLAX,07:45,,,
BTV,BTV,17,AJT0,RKSI,KLAX,07:44,,,
VAL,VAL,512,EJT1,KSMF,KLAX,07:39,,,
DEN,DEN,1165,EJT1,KAUS,KLAX,07:28,,,
DEN,DEN,732,EJT1,KDFW,KLAX,07:26,,,
MAX,MAX,801,BTRP,KIPL,KLAX,07:25,,,
LAW,LAW,2604,EJT1,KSFO,KLAX,07:20,,,
DEN,DEN,855,FRJ1,KSAT,KLAX,07:17,,,
RAA,RAA,3901,EJT1,KSMF,KLAX,07:16,,,
RAA,RAA,4783,EJT1,KLAS,KLAX,07:14,,,
VAL,VAL,1872,EJT1,KDEN,KLAX,07:12,,,
RAA,RAA,3590,EJT1,KSFO,KLAX,07:11,,,
DEN,DEN,1733,EJT1,KLAS,KLAX,07:09,,,
RAA,RAA,3318,EJT1,KSFO,KLAX,07:07,,,
RAA,RAA,3788,EJT1,KSAN,KLAX,07:05,,,
MAX,MAX,6248,FRJ1,KSMF,KLAX,07:03,,,
LAW,LAW,239,EJT1,KAUS,KLAX,07:02,,,
RAA,RAA,602,AJT0,SCEL,KLAX,07:01,,,
LAW,LAW,5426,FRJ1,KFAT,KLAX,07:00,,,
EMF,EMF,5138,AJT0,RCTP,KLAX,06:58,,,cargo
MAX,MAX,3612,EJT1,KABQ,KLAX,06:56,,,
EMF,EMF,8173,AJT0,MMMX,KLAX,06:54,,,cargo
LAW,MAX,5379,FRJ1,KPSP,KLAX,06:52,,,
VAL,VAL,590,EJT1,KIAH,KLAX,06:50,,,
BTV,BTV,24,AJT0,RJAA,KLAX,06:49,,,
RAA,RAA,5897,EJT1,KSBP,KLAX,06:47,,,
RAA,RAA,3758,EJT1,KPHX,KLAX,06:41,,,
MAX,MAX,5596,EJT1,KSBA,KLAX,06:39,,,
EMF,EMF,505,AJT0,KPHX,KLAX,06:36,,,cargo
TGB,TGB,2493,EJT1,KPHX,KLAX,06:15,,,
LAW,LAW,1841,EJT1,KPHX,KLAX,06:11,,,
LAW,LAW,842,AJT0,YSSY,KLAX,06:04,,,
TGB,TGB,14,EJT1,PHOG,KLAX,06:01,,,
FRT,FRT,5,AJT0,LLBG,KLAX,05:56,,,
RAA,RAA,150,EJT1,PANC,KLAX,05:53,,,
TGB,TGB,72,AJT0,YSSY,KLAX,05:50,,,
LAW,LAW,534,AJT0,PHNL,KLAX,05:44,,,
DEN,DEN,332,EJT1,PHLI,KLAX,05:42,,,
TGB,TGB,298,EJT1,PHNL,KLAX,05:38,,,
DEN,DEN,40,AJT0,YSSY,KLAX,05:34,,,
LAW,LAW,1147,EJT1,PHKO,KLAX,05:27,,,
DEN,DEN,523,EJT1,PHKO,KLAX,05:24,,,
DEN,DEN,331,AJT0,PHNL,KLAX,05:20,,,
LAW,LAW,1110,EJT1,PHOG,KLAX,05:16,,,
BTV,BTV,4,AJT0,PHNL,KLAX,05:13,,,
DEN,DEN,448,EJT1,PHOG,KLAX,04:33,,,
EMF,EMF,2599,AJT0,KCVG,KLAX,04:08,,,cargo
EMF,EMF,803,AJT0,KCVG,KLAX,03:18,,,cargo
EMF,EMF,229,AJT0,ZGSZ,KLAX,03:07,,,cargo
VAL,VAL,1387,EJT1,KBOS,KLAX,03:04,,,
EMF,EMF,8367,AJT0,ELLX,KLAX,02:35,,,cargo
EMF,EMF,7011,AJT0,ZSHC,KLAX,02:32,,,cargo
EMF,EMF,7108,AJT0,RJAA,KLAX,02:26,,,cargo
EMF,EMF,3496,AJT0,KILN,KLAX,02:24,,,cargo
TGB,TGB,185,EJT1,KJFK,KLAX,01:47,,,
VAL,VAL,1723,EJT1,KJFK,KLAX,01:37,,,
EMF,EMF,7746,AJT0,ELLX,KLAX,01:34,,,cargo
DEN,DEN,458,EJT1,KBOS,KLAX,01:32,,,
VAL,VAL,1523,EJT1,KJFK,KLAX,01:29,,,
EMF,EMF,207,AJT0,RKSI,KLAX,01:27,,,cargo
VAL,VAL,1301,EJT1,KATL,KLAX,01:23,,,
VAL,VAL,2217,EJT1,KCHS,KLAX,01:07,,,
EMF,EMF,3422,AJT0,KILN,KLAX,00:47,,,cargo
VAL,VAL,706,EJT1,KDTW,KLAX,00:43,,,
VAL,VAL,2886,EJT1,KMIA,KLAX,00:34,,,
TGB,TGB,266,EJT1,PHLI,KLAX,00:33,,,
LAW,LAW,2306,EJT1,KIAD,KLAX,00:27,,,
VAL,VAL,1790,EJT1,KMDW,KLAX,00:19,,,
VAL,VAL,1072,EJT1,KBNA,KLAX,00:17,,,
RAA,RAA,370,EJT1,KSEA,KLAX,00:15,,,
VAL,VAL,1395,EJT1,PHNL,KLAX,00:10,,,
VAL,VAL,2009,EJT1,KPBI,KLAX,00:03,,,
FRT,FRT,888,EJT1,KLAX,MMMX,,00:01,,
TGB,TGB,1914,EJT1,KLAX,KIND,,00:03,,
VAL,VAL,1358,EJT1,KLAX,KORD,,00:05,,
FRT,FRT,83,AJT0,KLAX,SKBO,,00:06,,
VAL,VAL,24,EJT1,KLAX,KJFK,,00:08,,
FRT,FRT,529,EJT1,KLAX,MSLP,,00:10,,
LAW,LAW,2622,EJT1,KLAX,KORD,,00:11,,
TGB,TGB,2453,EJT1,KLAX,KBOS,,00:14,,
TGB,TGB,1292,EJT1,KLAX,KBNA,,00:15,,
DEN,DEN,1967,EJT1,KLAX,MSLP,,00:17,,
ANG,ANG,15,AJT0,KLAX,RCTP,,00:19,,
LAW,LAW,1734,EJT1,KLAX,KIAH,,00:21,,
TGB,TGB,496,EJT1,KLAX,KDFW,,00:22,,
RAA,RAA,105,AJT0,KLAX,RJTT,,00:24,,
LAW,LAW,1699,AJT0,KLAX,KIAD,,00:28,,
DEN,DEN,1897,EJT1,KLAX,MGGT,,00:30,,
ANG,ANG,626,AJT0,KLAX,ZBAA,,00:34,,
TGB,TGB,340,AJT0,KLAX,KMIA,,00:35,,
EMF,EMF,147,EJT1,KLAX,MMMX,,00:37,,
FRT,FRT,649,EJT1,KLAX,MMMX,,00:38,,
FRT,FRT,430,EJT1,KLAX,KMSP,,00:39,,
VAL,VAL,2274,EJT1,KLAX,KEWR,,00:43,,
EMF,EMF,519,EJT1,KLAX,MMGL,,00:45,,
FRT,FRT,899,EJT1,KLAX,MMLO,,00:50,,
FRT,FRT,4093,EJT1,KLAX,MGGT,,00:51,,
EMF,EMF,7001,AJT0,KLAX,PHNL,,00:53,,cargo
VAL,VAL,1424,EJT1,KLAX,KJFK,,01:04,,
VAL,VAL,460,EJT1,KLAX,KIAH,,01:05,,
VAL,VAL,1080,EJT1,KLAX,KLAS,,01:09,,
DEN,DEN,1099,EJT1,KLAX,KMSP,,01:13,,
MAX,MAX,303,EJT1,KLAX,MPTO,,01:15,,
FRT,FRT,913,EJT1,KLAX,MMGL,,01:16,,
TGB,TGB,2333,EJT1,KLAX,KDFW,,01:18,,
DEN,DEN,367,AJT0,KLAX,KATL,,01:19,,
VAL,VAL,1268,EJT1,KLAX,KBDL,,01:25,,
DEN,DEN,554,AJT0,KLAX,KJFK,,01:27,,
EMF,EMF,1920,AJT0,KLAX,KSFO,,01:55,,cargo
EMF,EMF,1917,AJT0,KLAX,KSEA,,03:17,,cargo
EMF,EMF,368,AJT0,KLAX,PHNL,,03:35,,cargo
EMF,EMF,208,AJT0,KLAX,RKSI,,03:50,,cargo
EMF,EMF,7757,AJT0,KLAX,KSEA,,04:19,,cargo
EMF,EMF,814,AJT0,KLAX,PANC,,04:23,,cargo
EMF,EMF,811,AJT0,KLAX,RKSI,,04:31,,cargo
FRT,FRT,8706,AJT0,KLAX,ZSAM,,04:43,,
FRT,FRT,1914,EJT1,KLAX,KRNO,,05:01,,
EMF,EMF,230,AJT0,KLAX,ZGSZ,,05:33,,cargo
VAL,VAL,192,EJT1,KLAX,KBWI,,05:35,,
LAW,LAW,371,EJT1,KLAX,KDEN,,05:36,,
VAL,VAL,1244,EJT1,KLAX,KDEN,,05:37,,
VAL,VAL,710,EJT1,KLAX,KHOU,,05:38,,
EMF,EMF,7101,AJT0,KLAX,RJAA,,05:46,,cargo
DEN,DEN,897,EJT1,KLAX,KSLC,,06:00,,
EMF,EMF,7541,AJT0,KLAX,RKSI,,06:01,,cargo
VAL,VAL,647,EJT1,KLAX,KMKE,,06:03,,
TGB,TGB,4,EJT1,KLAX,KJFK,,06:05,,
RAA,RAA,1413,EJT1,KLAX,KDSM,,06:06,,
LAW,LAW,2616,EJT1,KLAX,KIAH,,06:08,,
VAL,VAL,288,EJT1,KLAX,KBOS,,06:09,,
TGB,TGB,2811,EJT1,KLAX,KDFW,,06:12,,
TGB,TGB,1499,EJT1,KLAX,KCLT,,06:13,,
VAL,VAL,1063,EJT1,KLAX,KBNA,,06:14,,
LAW,LAW,2032,EJT1,KLAX,KSFO,,06:15,,
VAL,VAL,1621,EJT1,KLAX,KLAS,,06:16,,
VAL,VAL,880,EJT1,KLAX,KLAS,,06:18,,
VAL,VAL,1320,EJT1,KLAX,KAUS,,06:19,,
TGB,TGB,2431,EJT1,KLAX,KORD,,06:20,,
DEN,DEN,1734,EJT1,KLAX,KDTW,,06:21,,
DEN,DEN,573,EJT1,KLAX,KATL,,06:22,,
RAA,RAA,702,BIZ0,KLAX,KBFL,,06:23,,
TGB,TGB,2027,EJT1,KLAX,KPHX,,06:25,,
VAL,VAL,868,EJT1,KLAX,KDFW,,06:26,,
VAL,VAL,825,EJT1,KLAX,KDEN,,06:27,,
VAL,VAL,1337,EJT1,KLAX,KMDW,,06:28,,
MAX,MAX,3634,EJT1,KLAX,KSFO,,06:29,,
EMF,EMF,960,AJT0,KLAX,PANC,,06:31,,cargo
DEN,DEN,703,EJT1,KLAX,KMCO,,06:33,,
RAA,RAA,797,EJT1,KLAX,KSEA,,06:35,,
LAW,LAW,622,EJT1,KLAX,KORD,,06:36,,
TGB,TGB,118,EJT1,KLAX,KJFK,,06:41,,
DEN,DEN,930,EJT1,KLAX,KMSP,,06:43,,
VAL,VAL,591,EJT1,KLAX,KIAH,,06:48,,
RAA,RAA,3542,EJT1,KLAX,KPDX,,06:49,,
TGB,TGB,814,EJT1,KLAX,KPHL,,06:55,,
MAX,MAX,3094,FRJ1,KLAX,KABQ,,07:06,,
EMF,EMF,259,AJT0,KLAX,YSSY,,07:07,,cargo
VAL,VAL,1950,EJT1,KLAX,PHNL,,07:10,,
DEN,DEN,1163,EJT1,KLAX,KSLC,,07:11,,
DEN,DEN,674,EJT1,KLAX,KSEA,,07:12,,
TGB,TGB,769,EJT1,KLAX,KDFW,,07:13,,
VAL,VAL,757,EJT1,KLAX,KSTL,,07:14,,
DEN,DEN,324,AJT0,KLAX,KJFK,,07:15,,
LAW,LAW,302,EJT1,KLAX,KDEN,,07:16,,
RAA,RAA,3519,EJT1,KLAX,KLAS,,07:17,,
VAL,VAL,1342,EJT1,KLAX,PHOG,,07:18,,
LAW,LAW,1191,AJT0,KLAX,KEWR,,07:19,,
TGB,TGB,1268,AJT0,KLAX,KMIA,,07:20,,
VAL,VAL,1022,EJT1,KLAX,KSJC,,07:22,,
EMF,EMF,7002,AJT0,KLAX,ZGSZ,,07:25,,cargo
DEN,DEN,369,EJT1,KLAX,KATL,,07:27,,
TGB,TGB,1952,EJT1,KLAX,KCLT,,07:29,,
LAW,LAW,514,EJT1,KLAX,KJFK,,07:30,,
BTV,BTV,1,AJT0,KLAX,PHNL,,07:31,,
VAL,VAL,1335,EJT1,KLAX,PHLI,,07:33,,
DEN,DEN,1339,EJT1,KLAX,KDTW,,07:34,,
TGB,TGB,1095,EJT1,KLAX,KPHX,,07:36,,
RAA,RAA,503,EJT1,KLAX,KSEA,,07:37,,
TGB,TGB,28,EJT1,KLAX,KJFK,,07:40,,
VAL,VAL,224,EJT1,KLAX,KJFK,,07:42,,
TGB,TGB,9726,AJT0,KLAX,RKSI,,07:44,,
DEN,DEN,986,EJT1,KLAX,KAUS,,07:45,,
TGB,TGB,1598,EJT1,KLAX,KORD,,07:46,,
RAA,RAA,790,EJT1,KLAX,CYYZ,,07:48,,
LAW,LAW,659,EJT1,KLAX,KSFO,,07:50,,
VAL,VAL,1800,EJT1,KLAX,KFLL,,07:52,,
RAA,RAA,553,EJT1,KLAX,CYVR,,07:56,,
RAA,RAA,440,EJT1,KLAX,MMUN,,07:57,,
BTV,BTV,33,AJT0,KLAX,PHOG,,07:58,,
VAL,VAL,6100,EJT1,KLAX,KSFO,,07:59,,
RAA,RAA,3629,EJT1,KLAX,KSMF,,08:02,,
VAL,VAL,2251,EJT1,KLAX,KTUS,,08:04,,
VAL,VAL,508,EJT1,KLAX,KSDF,,08:05,,
RAA,RAA,3587,EJT1,KLAX,KSFO,,08:06,,
RAA,RAA,1421,EJT1,KLAX,KMEM,,08:07,,
RAA,RAA,3681,EJT1,KLAX,KDEN,,08:08,,
MAX,MAX,3152,FRJ1,KLAX,KSJC,,08:09,,
DEN,DEN,1875,EJT1,KLAX,MMSD,,08:10,,
RAA,RAA,208,EJT1,KLAX,MMSD,,08:11,,
TGB,TGB,2459,EJT1,KLAX,KDFW,,08:12,,
TGB,TGB,2,EJT1,KLAX,KJFK,,08:13,,
RAA,RAA,5411,EJT1,KLAX,KPHX,,08:14,,
DEN,DEN,454,EJT1,KLAX,KBOS,,08:16,,
MAX,MAX,802,BTRP,KLAX,KIPL,,08:17,,
VAL,VAL,1363,EJT1,KLAX,KELP,,08:19,,
DEN,DEN,362,EJT1,KLAX,PHOG,,08:21,,
TGB,TGB,31,EJT1,KLAX,PHNL,,08:23,,
DEN,DEN,342,EJT1,KLAX,KDCA,,08:24,,
DEN,DEN,480,EJT1,KLAX,PHNL,,08:26,,
LAW,LAW,1990,AJT0,KLAX,KEWR,,08:28,,
LAW,LAW,1276,EJT1,KLAX,MMUN,,08:30,,
RAA,RAA,3329,EJT1,KLAX,KSJC,,08:31,,
MAX,RAA,3046,FRJ1,KLAX,KJAC,,08:32,,
RAA,RAA,5696,EJT1,KLAX,KRNO,,08:33,,
LAW,LAW,1946,EJT1,KLAX,KIAH,,08:34,,
TGB,TGB,2002,EJT1,KLAX,KLAS,,08:35,,
VAL,VAL,1778,EJT1,KLAX,KSMF,,08:36,,
LAW,LAW,797,EJT1,KLAX,MMSD,,08:37,,
LAW,LAW,1678,AJT0,KLAX,KIAD,,08:38,,
RAA,RAA,3522,EJT1,KLAX,KPHX,,08:39,,
VAL,VAL,1073,EJT1,KLAX,KOAK,,08:40,,
DEN,DEN,772,FRJ1,KLAX,KIAH,,08:41,,
RAA,RAA,6268,EJT1,KLAX,KELP,,08:42,,
RAA,RAA,3819,EJT1,KLAX,KSJC,,08:43,,
RAA,RAA,546,EJT1,KLAX,KEWR,,08:44,,
LAW,LAW,2216,EJT1,KLAX,KLAS,,08:45,,
TGB,TGB,265,EJT1,KLAX,PHLI,,08:46,,
LAW,LAW,1621,EJT1,KLAX,KMCO,,08:47,,
DEN,DEN,953,EJT1,KLAX,KMSP,,08:48,,
LAW,LAW,2039,EJT1,KLAX,KORD,,08:49,,
VAL,VAL,1465,EJT1,KLAX,KBNA,,08:50,,
RAA,RAA,3932,EJT1,KLAX,KABQ,,08:51,,
LAW,LAW,5537,FRJ1,KLAX,KSMF,,08:52,,
RAA,RAA,5818,EJT1,KLAX,KBZN,,08:53,,
LAW,LAW,1295,EJT1,KLAX,PHLI,,08:54,,
EMF,EMF,3459,AJT0,KLAX,KILN,,08:55,,cargo
TGB,TGB,529,AJT0,KLAX,KMIA,,08:56,,
LAW,LAW,2609,EJT1,KLAX,KBOS,,08:58,,
RAA,RAA,204,EJT1,KLAX,KSFO,,08:59,,
VAL,VAL,1874,EJT1,KLAX,KEWR,,09:02,,
LAW,LAW,417,EJT1,KLAX,PHOG,,09:03,,
BTV,BTV,63,EJT1,KLAX,PHLI,,09:04,,
TGB,TGB,528,EJT1,KLAX,KORD,,09:05,,
VAL,VAL,324,EJT1,KLAX,KJFK,,09:06,,
RAA,RAA,558,BIZ0,KLAX,KJAC,,09:10,,
LAW,LAW,1158,AJT0,KLAX,PHNL,,09:11,,
LAW,LAW,1029,EJT1,KLAX,KDEN,,09:13,,
TGB,TGB,2118,EJT1,KLAX,MMSD,,09:14,,
TGB,TGB,2044,EJT1,KLAX,KCLT,,09:15,,
RAA,RAA,525,EJT1,KLAX,KSEA,,09:16,,
LAW,LAW,2373,EJT1,KLAX,PHKO,,09:17,,
DEN,DEN,1059,EJT1,KLAX,KLAS,,09:18,,
RAA,RAA,782,EJT1,KLAX,CYUL,,09:19,,
RAA,RAA,3501,EJT1,KLAX,KRNO,,09:20,,
DEN,DEN,392,AJT0,KLAX,KJFK,,09:21,,
RAA,RAA,3493,EJT1,KLAX,KRNO,,09:22,,
EMF,EMF,3597,AJT0,KLAX,KBWI,,09:23,,cargo
VAL,VAL,513,EJT1,KLAX,KPHX,,09:24,,
RAA,RAA,813,EJT1,KLAX,PHOG,,09:25,,
LAW,LAW,4774,FRJ1,KLAX,KMRY,,09:26,,
DEN,DEN,631,EJT1,KLAX,MMMX,,09:27,,
DEN,DEN,548,AJT0,KLAX,KATL,,09:28,,
RAA,RAA,220,EJT1,KLAX,MMPR,,09:29,,
TGB,TGB,2279,EJT1,KLAX,KMCO,,09:30,,
LAW,LAW,5675,FRJ1,KLAX,KSAN,,09:31,,
RAA,RAA,6264,EJT1,KLAX,KSMF,,09:33,,
TGB,TGB,1775,EJT1,KLAX,KDCA,,09:34,,
EMF,EMF,833,AJT0,KLAX,RJNN,,09:36,,cargo
MAX,MAX,5854,EJT1,KLAX,KJAC,,09:37,,
RAA,RAA,4081,EJT1,KLAX,KOAK,,09:38,,
VAL,VAL,800,EJT1,KLAX,KSJC,,09:39,,
TGB,TGB,59,EJT1,KLAX,PHKO,,09:40,,
VAL,VAL,1781,EJT1,KLAX,KDEN,,09:41,,
VAL,VAL,656,EJT1,KLAX,KPIT,,09:42,,
MAX,MAX,3237,FRJ1,KLAX,KEGE,,09:43,,
RAA,RAA,1108,EJT1,KLAX,KIAD,,09:44,,
TGB,TGB,539,EJT1,KLAX,KAUS,,09:45,,
DEN,DEN,638,EJT1,KLAX,MMUN,,09:46,,
VAL,VAL,1099,EJT1,KLAX,KLAS,,09:47,,
DEN,DEN,1190,EJT1,KLAX,KSLC,,09:48,,
BTV,BTV,23,AJT0,KLAX,RJAA,,09:49,,
MAX,MAX,6256,FRJ1,KLAX,KXNA,,09:50,,
TGB,TGB,1989,EJT1,KLAX,KPHL,,09:51,,
RAA,RAA,6266,EJT1,KLAX,KTUS,,09:52,,
DEN,DEN,1041,EJT1,KLAX,KDFW,,09:53,,
MAX,MAX,6252,FRJ1,KLAX,KOKC,,09:54,,
VAL,VAL,2436,EJT1,KLAX,KSFO,,09:55,,
DEN,DEN,708,FRJ1,KLAX,KSAT,,09:56,,
TGB,TGB,990,EJT1,KLAX,KATL,,09:58,,
VAL,VAL,2445,EJT1,KLAX,MMSD,,10:01,,
LAW,LAW,5331,FRJ1,KLAX,KSBP,,10:02,,
MAX,MAX,6262,FRJ1,KLAX,KSFO,,10:04,,
DEN,DEN,837,EJT1,KLAX,KSEA,,10:06,,
VAL,VAL,1463,EJT1,KLAX,MMSD,,10:08,,
MAX,MAX,3518,EJT1,KLAX,KPDX,,10:09,,
BTV,BTV,3,AJT0,KLAX,PHNL,,10:11,,
VAL,VAL,2108,EJT1,KLAX,KSMF,,10:12,,
VAL,VAL,816,EJT1,KLAX,KMCI,,10:13,,
DEN,DEN,1865,EJT1,KLAX,MMPR,,10:15,,
TGB,TGB,2547,EJT1,KLAX,MMMX,,10:16,,
LAW,LAW,5670,FRJ1,KLAX,KFAT,,10:17,,
VAL,VAL,2532,EJT1,KLAX,KSLC,,10:18,,
LAW,LAW,4691,FRJ1,KLAX,KSBA,,10:19,,
VAL,VAL,242,EJT1,KLAX,KMCI,,10:21,,
RAA,RAA,723,EJT1,KLAX,KCVG,,10:23,,
LAW,LAW,2361,EJT1,KLAX,KIAH,,10:25,,
RAA,RAA,3792,EJT1,KLAX,KTUS,,10:26,,
TGB,TGB,2746,EJT1,KLAX,KPHX,,10:28,,
FRT,FRT,917,EJT1,KLAX,MMGL,,10:29,,
RAA,RAA,210,EJT1,KLAX,KAUS,,10:30,,
RAA,RAA,3494,EJT1,KLAX,KLAS,,10:32,,
LAW,LAW,2025,EJT1,KLAX,KRSW,,10:33,,
DEN,DEN,671,EJT1,KLAX,KBNA,,10:34,,
EMF,EMF,5137,AJT0,KLAX,RCTP,,10:35,,cargo
VAL,VAL,765,EJT1,KLAX,KMSY,,10:36,,
DEN,DEN,766,EJT1,KLAX,KRDU,,10:37,,
VAL,VAL,576,EJT1,KLAX,KRNO,,10:38,,
RAA,RAA,4803,EJT1,KLAX,KSLC,,10:39,,
RAA,RAA,184,EJT1,KLAX,KEWR,,10:40,,
VAL,VAL,1700,EJT1,KLAX,KFLL,,10:41,,
VAL,VAL,1304,EJT1,KLAX,KOAK,,10:42,,
VAL,VAL,1374,EJT1,KLAX,KEWR,,10:43,,
MAX,MAX,3451,EJT1,KLAX,KBOI,,10:44,,
LAW,LAW,1741,EJT1,KLAX,MROC,,10:45,,
TGB,TGB,1379,EJT1,KLAX,KBOS,,10:46,,
VAL,VAL,1333,EJT1,KLAX,PHKO,,10:47,,
LAW,LAW,319,EJT1,KLAX,MMPR,,10:48,,
DEN,DEN,321,EJT1,KLAX,KATL,,10:49,,
MAX,MAX,5546,EJT1,KLAX,KSEA,,10:50,,
RAA,RAA,492,EJT1,KLAX,MZBZ,,10:51,,
TGB,TGB,1007,EJT1,KLAX,KORD,,10:52,,
RAA,RAA,196,EJT1,KLAX,KDEN,,10:53,,
MAX,MAX,3654,EJT1,KLAX,KSFO,,10:54,,
LAW,LAW,2362,EJT1,KLAX,KORD,,10:55,,
ANG,ANG,8174,AJT0,KLAX,EGSS,,10:56,,
LAW,LAW,1823,EJT1,KLAX,KSFO,,10:57,,
TGB,TGB,1413,EJT1,KLAX,KDFW,,10:58,,
LAW,LAW,786,EJT1,KLAX,KEWR,,10:59,,
RAA,RAA,258,EJT1,KLAX,MMLT,,11:00,,
TGB,TGB,1155,EJT1,KLAX,MMPR,,11:01,,
VAL,VAL,1561,EJT1,KLAX,KDEN,,11:02,,
RAA,RAA,358,BIZ0,KLAX,KRNO,,11:03,,
LAW,LAW,32,AJT0,KLAX,RJAA,,11:04,,
MAX,MAX,3641,FRJ1,KLAX,KASE,,11:05,,
VAL,VAL,1224,EJT1,KLAX,KPHX,,11:06,,
TGB,TGB,2388,EJT1,KLAX,KLAS,,11:07,,
BTV,BTV,18,AJT0,KLAX,RKSI,,11:08,,
LAW,LAW,1013,EJT1,KLAX,KDEN,,11:09,,
LAW,LAW,1224,EJT1,KLAX,PHNL,,11:10,,
MAX,MAX,4652,FRJ1,KLAX,KASE,,11:11,,
RAA,RAA,1371,EJT1,KLAX,KPDX,,11:12,,
DEN,DEN,935,EJT1,KLAX,KSLC,,11:13,,
TGB,TGB,807,EJT1,KLAX,KCLT,,11:14,,
TGB,TGB,238,EJT1,KLAX,KJFK,,11:15,,
TGB,TGB,271,EJT1,KLAX,PHOG,,11:16,,
LAW,LAW,1409,EJT1,KLAX,KMCO,,11:17,,
LAW,LAW,1727,EJT1,KLAX,KLAS,,11:18,,
RAA,RAA,817,EJT1,KLAX,PHNL,,11:19,,
DEN,DEN,803,EJT1,KLAX,KSEA,,11:20,,
RAA,RAA,222,EJT1,KLAX,MMMZ,,11:21,,
DEN,DEN,1098,EJT1,KLAX,KMCO,,11:22,,
BTV,BTV,61,EJT1,KLAX,PHKO,,11:23,,
VAL,VAL,2205,EJT1,KLAX,MMPR,,11:24,,
VAL,VAL,1312,EJT1,KLAX,KSMF,,11:25,,
VAL,VAL,885,AJT0,KLAX,VHHH,,11:26,,
RAA,RAA,3701,EJT1,KLAX,KPHX,,11:29,,
VAL,VAL,2338,EJT1,KLAX,KSFO,,11:31,,
VAL,VAL,598,EJT1,KLAX,KAUS,,11:33,,
RAA,RAA,3364,EJT1,KLAX,KSTS,,11:34,,
DEN,DEN,1065,EJT1,KLAX,KMSP,,11:36,,
TGB,TGB,2354,EJT1,KLAX,KDFW,,11:38,,
LAW,LAW,2131,EJT1,KLAX,KIAD,,11:40,,
DEN,DEN,562,AJT0,KLAX,KJFK,,11:43,,
EMF,EMF,258,AJT0,KLAX,KCVG,,11:45,,cargo
DEN,DEN,1884,EJT1,KLAX,MMSD,,11:46,,
VAL,VAL,5,AJT0,KLAX,RJAA,,11:48,,
TGB,TGB,1475,EJT1,KLAX,MMSD,,11:51,,
VAL,VAL,1070,EJT1,KLAX,MMUN,,11:52,,
FRT,FRT,9936,AJT0,KLAX,EDDF,,11:54,,
DEN,DEN,910,EJT1,KLAX,KTPA,,11:55,,
EMF,EMF,8210,AJT0,KLAX,RKSI,,11:57,,cargo
VAL,VAL,424,EJT1,KLAX,KJFK,,11:58,,
VAL,VAL,381,EJT1,KLAX,KMDW,,12:00,,
RAA,RAA,3474,EJT1,KLAX,KFAT,,12:02,,
RAA,RAA,3735,EJT1,KLAX,KSJC,,12:03,,
VAL,VAL,1573,EJT1,KLAX,KDEN,,12:04,,
LAW,LAW,1699,AJT0,KLAX,KIAD,,12:07,,
MAX,MAX,3637,EJT1,KLAX,KLAS,,12:09,,
FRT,FRT,2127,FRJ1,KLAX,KSJC,,12:15,,
FRT,FRT,321,FRJ1,KLAX,KLAS,,12:16,,
DEN,DEN,483,EJT1,KLAX,KATL,,12:18,,
VAL,VAL,2344,EJT1,KLAX,KSJC,,12:19,,
EMF,EMF,2083,AJT0,KLAX,KPDX,,12:20,,cargo
RAA,RAA,792,AJT0,KLAX,CYYZ,,12:21,,
TGB,TGB,2851,EJT1,KLAX,KTPA,,12:23,,
MAX,MAX,3282,FRJ1,KLAX,KOMA,,12:24,,
RAA,RAA,3459,EJT1,KLAX,KSFO,,12:25,,
RAA,RAA,881,EJT1,KLAX,KSEA,,12:27,,
TGB,TGB,1086,EJT1,KLAX,KAUS,,12:29,,
FRT,FRT,663,EJT1,KLAX,MMOX,,12:31,,
TGB,TGB,658,EJT1,KLAX,KPHL,,12:33,,
EMF,EMF,442,AJT0,KLAX,ZSPD,,12:34,,cargo
LAW,LAW,1535,EJT1,KLAX,KIAH,,12:35,,
VAL,VAL,2202,EJT1,KLAX,KSMF,,12:36,,
MAX,MAX,3060,FRJ1,KLAX,KASE,,12:37,,
VAL,VAL,504,EJT1,KLAX,KMSY,,12:38,,
TGB,TGB,274,EJT1,KLAX,KJFK,,12:40,,
VAL,VAL,2458,EJT1,KLAX,KOAK,,12:41,,
TGB,TGB,1164,EJT1,KLAX,KDEN,,12:42,,
DEN,DEN,1200,EJT1,KLAX,KDTW,,12:43,,
FRT,FRT,783,EJT1,KLAX,MMGL,,12:44,,
VAL,VAL,1720,EJT1,KLAX,KLAS,,12:45,,
RAA,RAA,3769,EJT1,KLAX,KOAK,,12:48,,
EMF,EMF,6875,AJT0,KLAX,MMGL,,12:49,,
LAW,LAW,5645,FRJ1,KLAX,KEUG,,12:50,,
VAL,VAL,524,EJT1,KLAX,KJFK,,12:51,,
VAL,VAL,1388,EJT1,KLAX,KBOS,,12:52,,
DEN,DEN,1193,EJT1,KLAX,KMSY,,12:53,,
RAA,RAA,4742,EJT1,KLAX,KSUN,,12:54,,
BTV,BTV,15,AJT0,KLAX,RJTT,,12:55,,
TGB,TGB,1085,EJT1,KLAX,KDFW,,12:57,,
MAX,MAX,804,BTRP,KLAX,KIPL,,12:58,,
RAA,RAA,3592,EJT1,KLAX,KSMF,,13:00,,
LAW,LAW,1069,AJT0,KLAX,KORD,,13:01,,
VAL,VAL,2010,EJT1,KLAX,KPBI,,13:02,,
EMF,EMF,281,AJT0,KLAX,RKSI,,13:03,,cargo
FRT,FRT,645,AJT0,KLAX,MMMX,,13:05,,
LAW,LAW,1635,EJT1,KLAX,KIAD,,13:06,,
LAW,LAW,4693,FRJ1,KLAX,KRDM,,13:07,,
VAL,VAL,2885,EJT1,KLAX,KMIA,,13:08,,
RAA,RAA,4151,EJT1,KLAX,KSFO,,13:10,,
BTV,BTV,81,AJT0,KLAX,RJAA,,13:11,,
MAX,MAX,3713,EJT1,KLAX,KBOI,,13:12,,
TGB,TGB,9793,AJT0,KLAX,KDFW,,13:13,,
RAA,RAA,555,EJT1,KLAX,CYVR,,13:14,,
LAW,LAW,1497,AJT0,KLAX,KEWR,,13:17,,
TGB,TGB,767,EJT1,KLAX,KPHX,,13:19,,
RAA,RAA,290,EJT1,KLAX,MMGL,,13:20,,
RAA,RAA,7,EJT1,KLAX,KDCA,,13:21,,
DEN,DEN,567,EJT1,KLAX,KATL,,13:22,,
VAL,VAL,675,EJT1,KLAX,PHNL,,13:23,,
DEN,DEN,878,EJT1,KLAX,KBOS,,13:24,,
MAX,MAX,3556,EJT1,KLAX,KPDX,,13:25,,
TGB,TGB,2184,EJT1,KLAX,KORD,,13:26,,
ANG,ANG,11,AJT0,KLAX,RJAA,,13:27,,
BTV,BTV,6721,AJT0,KLAX,RJAA,,13:28,,
VAL,VAL,8501,EJT1,KLAX,KONT,,13:29,,
VAL,VAL,236,EJT1,KLAX,KSFO,,13:30,,
RAA,RAA,1511,EJT1,KLAX,CYYC,,13:31,,
LAW,LAW,2124,EJT1,KLAX,KSFO,,13:32,,
LAW,LAW,1241,EJT1,KLAX,KDEN,,13:33,,
TGB,TGB,32,EJT1,KLAX,KJFK,,13:34,,
VAL,VAL,2356,EJT1,KLAX,KPHX,,13:35,,
ANG,ANG,19,AJT0,KLAX,RCTP,,13:37,,
DEN,DEN,323,AJT0,KLAX,KJFK,,13:39,,
DEN,DEN,996,EJT1,KLAX,KSLC,,13:42,,
VAL,VAL,1102,EJT1,KLAX,KLAS,,13:44,,
MAX,MAX,3333,EJT1,KLAX,KEUG,,13:45,,
DEN,DEN,816,EJT1,KLAX,KAUS,,13:46,,
LAW,LAW,1683,AJT0,KLAX,KIAH,,13:48,,
DEN,DEN,1056,EJT1,KLAX,KMSP,,13:49,,
VAL,VAL,956,EJT1,KLAX,KMSP,,13:50,,
DEN,DEN,428,EJT1,KLAX,PHLI,,13:51,,
EMF,EMF,222,AJT0,KLAX,ZSPD,,13:52,,cargo
TGB,TGB,1925,EJT1,KLAX,KCLT,,13:53,,
DEN,DEN,705,EJT1,KLAX,KSEA,,13:54,,
LAW,LAW,1431,EJT1,KLAX,PHNL,,13:56,,
TGB,TGB,10,EJT1,KLAX,KJFK,,13:57,,
RAA,RAA,812,BIZ0,KLAX,KSJC,,13:58,,
DEN,DEN,330,EJT1,KLAX,PHNL,,14:00,,
TGB,TGB,1219,EJT1,KLAX,PHOG,,14:01,,
TGB,TGB,2286,AJT0,KLAX,KMIA,,14:02,,
VAL,VAL,113,AJT0,KLAX,RPLL,,14:04,,
LAW,LAW,5708,FRJ1,KLAX,KRNO,,14:05,,
RAA,RAA,4739,EJT1,KLAX,KHDN,,14:06,,
BTV,BTV,602,AJT0,KLAX,EHAM,,14:09,,
DEN,DEN,8934,EJT1,KLAX,KMSY,,14:10,,
FRT,FRT,523,EJT1,KLAX,MSLP,,14:11,,
RAA,RAA,3921,EJT1,KLAX,KPHX,,14:12,,
VAL,VAL,546,EJT1,KLAX,KLAS,,14:13,,
MAX,MAX,6261,EJT1,KLAX,KSEA,,14:14,,
MAX,MAX,6245,EJT1,KLAX,KTUL,,14:15,,
VAL,VAL,1067,EJT1,KLAX,KSAT,,14:16,,
FRT,FRT,647,EJT1,KLAX,MMMX,,14:17,,
FRT,FRT,6,AJT0,KLAX,LLBG,,14:18,,
MAX,MAX,3453,EJT1,KLAX,KSFO,,14:19,,
MAX,MAX,3498,EJT1,KLAX,KMFR,,14:20,,
VAL,VAL,265,EJT1,KLAX,KSMF,,14:21,,
VAL,VAL,1964,EJT1,KLAX,KDFW,,14:22,,
VAL,VAL,1524,EJT1,KLAX,KJFK,,14:24,,
RAA,RAA,6259,EJT1,KLAX,KPDX,,14:26,,
VAL,VAL,1914,EJT1,KLAX,KDEN,,14:28,,
VAL,VAL,3500,EJT1,KLAX,KORD,,14:31,,
RAA,MAX,3692,EJT1,KLAX,KDEN,,14:33,,
RAA,RAA,5386,EJT1,KLAX,KPHX,,14:34,,
TGB,TGB,2190,EJT1,KLAX,MMPR,,14:36,,
VAL,VAL,2115,EJT1,KLAX,KSLC,,14:37,,
TGB,TGB,382,EJT1,KLAX,KBOS,,14:38,,
RAA,RAA,275,EJT1,KLAX,KSEA,,14:39,,
RAA,RAA,78,EJT1,KLAX,KFLL,,14:40,,
LAW,LAW,312,EJT1,KLAX,KDEN,,14:41,,
RAA,RAA,1373,EJT1,KLAX,KPDX,,14:42,,
RAA,RAA,3785,EJT1,KLAX,KLAS,,14:43,,
TGB,TGB,2532,EJT1,KLAX,KDCA,,14:44,,
RAA,RAA,4807,EJT1,KLAX,CYVR,,14:45,,
DEN,DEN,1558,EJT1,KLAX,KDTW,,14:46,,
VAL,VAL,395,EJT1,KLAX,KOAK,,14:47,,
RAA,RAA,1423,EJT1,KLAX,KMEM,,14:51,,
RAA,MAX,3931,EJT1,KLAX,KABQ,,14:52,,
PAV,PAV,5,AJT0,KLAX,RCTP,,14:53,,
MAX,MAX,5360,FRJ1,KLAX,KASE,,14:54,,
RAA,RAA,1424,EJT1,KLAX,CYEG,,14:55,,
VAL,VAL,7001,EJT1,KLAX,KPHX,,14:57,,
DEN,DEN,329,EJT1,KLAX,KATL,,14:59,,
EMF,EMF,274,AJT0,KLAX,RKSI,,15:01,,cargo
LAW,LAW,516,EJT1,KLAX,KJFK,,15:03,,
TGB,TGB,143,EJT1,KLAX,PHNL,,15:04,,
MAX,MAX,3660,FRJ1,KLAX,KTUS,,15:05,,
RAA,RAA,3755,EJT1,KLAX,KRNO,,15:06,,
LAW,LAW,247,EJT1,KLAX,KEWR,,15:07,,
VAL,VAL,2218,EJT1,KLAX,KHOU,,15:08,,
RAA,RAA,3457,EJT1,KLAX,KSLC,,15:09,,
MAX,MAX,6263,FRJ1,KLAX,KSFO,,15:11,,
MAX,MAX,3537,EJT1,KLAX,KSFO,,15:17,,
LAW,LAW,1752,AJT0,KLAX,KORD,,15:19,,
TGB,TGB,1785,EJT1,KLAX,KPHX,,15:25,,
PAV,PAV,19,AJT0,KLAX,RCTP,,15:28,,
VAL,VAL,1051,EJT1,KLAX,PHOG,,15:29,,
RAA,RAA,603,AJT0,KLAX,SCEL,,15:32,,
VAL,VAL,8882,EJT1,KLAX,KBOS,,15:34,,
TGB,TGB,1331,EJT1,KLAX,KDFW,,15:36,,
MAX,MAX,3205,FRJ1,KLAX,KABQ,,15:37,,
TGB,TGB,2611,EJT1,KLAX,KORD,,15:39,,
VAL,VAL,1194,EJT1,KLAX,KJFK,,15:40,,
FRT,FRT,65,AJT0,KLAX,LFPG,,15:42,,
DEN,DEN,553,AJT0,KLAX,KJFK,,15:43,,
FRT,FRT,457,AJT0,KLAX,EDDF,,15:44,,
EMF,EMF,511,EJT1,KLAX,MMGL,,15:46,,
TGB,TGB,624,EJT1,KLAX,KAUS,,15:47,,
DEN,DEN,905,EJT1,KLAX,KSEA,,15:48,,
TGB,TGB,739,EJT1,KLAX,KLAS,,15:49,,
TGB,TGB,2121,AJT0,KLAX,KMIA,,15:54,,
VAL,VAL,1503,EJT1,KLAX,KLAS,,15:56,,
FRT,FRT,216,AJT0,KLAX,OMDB,,15:58,,
MAX,MAX,3463,EJT1,KLAX,KSJC,,15:59,,
TGB,TGB,696,EJT1,KLAX,KPHL,,16:00,,
ANG,ANG,740,AJT0,KLAX,OTBD,,16:02,,
UAX,UAX,7586,AJT0,KLAX,ZSPD,,16:03,,
VAL,VAL,2493,EJT1,KLAX,KSJC,,16:04,,
RAA,RAA,3699,EJT1,KLAX,KSMF,,16:06,,
CBA,CBA,8,AJT0,KLAX,EGLL,,16:07,,
DEN,DEN,822,EJT1,KLAX,KMCO,,16:08,,
VAL,VAL,1183,EJT1,KLAX,KRNO,,16:09,,
DEN,DEN,533,EJT1,KLAX,PHOG,,16:10,,
TGB,TGB,751,AJT0,KLAX,KDFW,,16:12,,
RAA,RAA,771,BIZ0,KLAX,KSFO,,16:15,,
TGB,TGB,184,EJT1,KLAX,KJFK,,16:16,,
DEN,DEN,961,EJT1,KLAX,KMSP,,16:23,,
RAA,RAA,29,EJT1,KLAX,KSEA,,16:24,,
LAW,LAW,2146,EJT1,KLAX,KDEN,,16:26,,
RAA,RAA,3765,EJT1,KLAX,KSJC,,16:27,,
FRT,FRT,323,FRJ1,KLAX,KLAS,,16:30,,
DEN,DEN,370,EJT1,KLAX,PHKO,,16:36,,
VAL,VAL,1238,EJT1,KLAX,KOAK,,16:38,,
LAW,LAW,1928,AJT0,KLAX,KEWR,,16:41,,
LAW,LAW,2611,EJT1,KLAX,KSFO,,16:44,,
VAL,VAL,915,EJT1,KLAX,KDEN,,16:45,,
RAA,RAA,628,BIZ0,KLAX,KJFK,,16:46,,
RAA,RAA,9641,AJT0,KLAX,RJAA,,16:54,,
LAW,LAW,1170,EJT1,KLAX,PHNL,,16:55,,
VAL,VAL,942,EJT1,KLAX,KRNO,,16:56,,
RAA,RAA,3446,EJT1,KLAX,KSFO,,16:57,,
TGB,TGB,205,EJT1,KLAX,PHOG,,17:02,,
VAL,VAL,922,EJT1,KLAX,KBWI,,17:03,,
DEN,DEN,1094,EJT1,KLAX,KDFW,,17:04,,
DEN,DEN,436,AJT0,KLAX,KJFK,,17:05,,
LAW,LAW,783,EJT1,KLAX,KIAD,,17:07,,
BTV,BTV,9,AJT0,KLAX,PHNL,,17:08,,
MAX,MAX,3004,FRJ1,KLAX,KIAH,,17:09,,
RAA,RAA,3805,EJT1,KLAX,KLAS,,17:10,,
RAA,RAA,3581,EJT1,KLAX,KPDX,,17:12,,
MAX,MAX,3562,EJT1,KLAX,KPHX,,17:13,,
MAX,MAX,806,BTRP,KLAX,KIPL,,17:14,,
PAV,PAV,2007,AJT0,KLAX,RCTP,,17:15,,
TGB,TGB,1970,EJT1,KLAX,KPHX,,17:16,,
VAL,VAL,1580,EJT1,KLAX,KAUS,,17:19,,
FRT,FRT,453,AJT0,KLAX,EDDM,,17:20,,
VAL,VAL,713,EJT1,KLAX,KDEN,,17:21,,
DEN,DEN,1100,EJT1,KLAX,KSLC,,17:22,,
EMF,EMF,7973,AJT0,KLAX,EBBR,,17:30,,cargo
VAL,VAL,1057,EJT1,KLAX,KLAS,,17:33,,
EMF,EMF,105,AJT0,KLAX,KPHX,,17:35,,cargo
DEN,DEN,680,EJT1,KLAX,KSEA,,17:36,,
TGB,TGB,1312,EJT1,KLAX,KDFW,,17:38,,
EMF,EMF,1685,AJT0,KLAX,KIND,,17:39,,cargo
DEN,DEN,477,EJT1,KLAX,KATL,,17:40,,
MAX,MAX,6254,FRJ1,KLAX,KOKC,,17:42,,
RAA,RAA,557,EJT1,KLAX,CYVR,,17:43,,
VAL,VAL,888,EJT1,KLAX,KCMH,,17:48,,
TGB,TGB,803,EJT1,KLAX,KSTL,,17:49,,
TGB,TGB,947,EJT1,KLAX,KPHX,,17:51,,
VAL,VAL,749,EJT1,KLAX,KSMF,,17:52,,
LAW,LAW,1502,EJT1,KLAX,KIAH,,17:54,,
VAL,VAL,2736,EJT1,KLAX,KSFO,,17:56,,
DEN,DEN,772,FRJ1,KLAX,KIAH,,17:57,,
RAA,RAA,134,EJT1,KLAX,MMPR,,18:00,,
VAL,VAL,1354,EJT1,KLAX,KBNA,,18:01,,
MAX,MAX,3700,EJT1,KLAX,KSFO,,18:02,,
RAA,RAA,371,EJT1,KLAX,KPDX,,18:05,,
TGB,TGB,297,EJT1,KLAX,PHNL,,18:08,,
MAX,MAX,653,EJT1,KLAX,KOAK,,18:09,,
VAL,VAL,2124,EJT1,KLAX,KJFK,,18:13,,
FRT,FRT,643,EJT1,KLAX,MMMX,,18:17,,
EMF,EMF,8371,AJT0,KLAX,LIMC,,18:18,,cargo
VAL,VAL,631,EJT1,KLAX,KATL,,18:21,,
LAW,LAW,280,AJT0,KLAX,EGLL,,18:22,,
MAX,MAX,4115,EJT1,KLAX,KGEG,,18:23,,
VAL,VAL,1158,EJT1,KLAX,KSTL,,18:25,,
MAX,MAX,3712,EJT1,KLAX,KBOI,,18:27,,
RAA,RAA,530,BIZ0,KLAX,KLAS,,18:30,,
TGB,TGB,134,AJT0,KLAX,EGLL,,18:34,,
PAV,PAV,2005,AJT0,KLAX,RCTP,,18:39,,
MAX,MAX,3090,FRJ1,KLAX,KSJC,,18:41,,
RAA,RAA,3806,EJT1,KLAX,KOAK,,18:42,,
TGB,TGB,788,EJT1,KLAX,KDFW,,18:43,,
DEN,DEN,1044,EJT1,KLAX,KAUS,,18:44,,
FRT,FRT,69,AJT0,KLAX,LFPG,,18:45,,
FRT,FRT,9007,EJT1,KLAX,KIFP,,18:47,,
ANG,ANG,682,AJT0,KLAX,ZBAA,,18:48,,
LAW,LAW,2754,AJT0,KLAX,KIAH,,18:49,,
VAL,VAL,562,EJT1,KLAX,KLAS,,18:50,,
VAL,VAL,326,EJT1,KLAX,KIAH,,18:51,,
MAX,MAX,6250,FRJ1,KLAX,KSEA,,18:52,,regional
VAL,VAL,953,EJT1,KLAX,KDTW,,18:53,,
FRT,FRT,2303,FRJ1,KLAX,KSJC,,18:54,,
TGB,TGB,650,EJT1,KLAX,KPHX,,18:55,,
DEN,DEN,720,FRJ1,KLAX,KSAT,,18:56,,
RAA,RAA,209,EJT1,KLAX,KSFO,,18:58,,
RAA,RAA,5752,EJT1,KLAX,KSMF,,18:59,,
LAW,LAW,215,EJT1,KLAX,KORD,,19:01,,
VAL,VAL,396,EJT1,KLAX,KMDW,,19:02,,
VAL,VAL,1086,EJT1,KLAX,KPHX,,19:03,,
LAW,LAW,5317,FRJ1,KLAX,KCOS,,19:04,,
VAL,VAL,1340,EJT1,KLAX,KSJC,,19:05,,
LAW,LAW,2149,EJT1,KLAX,KAUS,,19:06,,
LAW,LAW,1956,EJT1,KLAX,KLAS,,19:08,,
FRT,FRT,10,AJT0,KLAX,LTFM,,19:09,,
TGB,TGB,1504,EJT1,KLAX,KSAT,,19:11,,
RAA,RAA,5977,EJT1,KLAX,KBOI,,19:13,,
LAW,LAW,1467,EJT1,KLAX,KDEN,,19:14,,
TGB,TGB,1442,EJT1,KLAX,KAUS,,19:15,,
DEN,DEN,799,EJT1,KLAX,KMCI,,19:16,,
RAA,RAA,5432,EJT1,KLAX,KACV,,19:17,,
LAW,LAW,5015,FRJ1,KLAX,KPRC,,19:18,,
RAA,RAA,198,EJT1,KLAX,KAUS,,19:20,,
UAX,UAX,4,AJT0,KLAX,ESSA,,19:21,,
LAW,LAW,5288,FRJ1,KLAX,KMRY,,19:22,,
LAW,LAW,1479,EJT1,KLAX,KSFO,,19:24,,
RAA,RAA,5744,EJT1,KLAX,KSLC,,19:25,,
EMF,EMF,903,AJT0,KLAX,KSDF,,19:26,,cargo
BTV,BTV,8016,AJT0,KLAX,RKSI,,19:27,,
MAX,MAX,6243,FRJ1,KLAX,KTUS,,19:28,,
RAA,RAA,4764,EJT1,KLAX,KSEA,,19:29,,
VAL,VAL,472,EJT1,KLAX,KMSY,,19:30,,
UAX,UAX,7578,AJT0,KLAX,ZSPD,,19:32,,
LAW,LAW,2223,EJT1,KLAX,KPHX,,19:33,,
VAL,VAL,961,EJT1,KLAX,KPHX,,19:35,,
RAA,RAA,3860,EJT1,KLAX,KRNO,,19:36,,
LAW,LAW,5413,FRJ1,KLAX,KPSP,,19:37,,
LAW,LAW,2548,EJT1,KLAX,KSEA,,19:38,,
RAA,RAA,431,EJT1,KLAX,KSEA,,19:39,,
VAL,VAL,1565,EJT1,KLAX,KSLC,,19:40,,
MAX,MAX,5341,FRJ1,KLAX,KASE,,19:42,,
DEN,DEN,1645,EJT1,KLAX,KPDX,,19:45,,
EMF,EMF,1379,AJT0,KLAX,KMEM,,19:46,,cargo
VAL,VAL,370,EJT1,KLAX,KHOU,,19:47,,
RAA,RAA,3441,EJT1,KLAX,KRDM,,19:48,,
RAA,RAA,3489,EJT1,KLAX,KBOI,,19:49,,
LAW,LAW,5529,FRJ1,KLAX,KRDD,,19:51,,
RAA,RAA,193,EJT1,KLAX,PANC,,19:55,,
CBA,CBA,2477,AJT0,KLAX,SPIM,,19:56,,
CBA,CBA,24,AJT0,KLAX,EGLL,,19:59,,
DEN,DEN,1136,EJT1,KLAX,KMEM,,20:01,,
VAL,VAL,2382,EJT1,KLAX,KOAK,,20:02,,
EMF,EMF,1234,EJT1,KLAX,KMEM,,20:03,,cargo
UAX,UAX,1001,AJT0,KLAX,NZAA,,20:04,,
RAA,RAA,229,EJT1,KLAX,KSFO,,20:05,,
RAA,RAA,3906,EJT1,KLAX,KPHX,,20:08,,
TGB,TGB,1029,EJT1,KLAX,KORD,,20:10,,
EMF,EMF,403,AJT0,KLAX,KCVG,,20:12,,cargo
FRT,FRT,41,AJT0,KLAX,LSZH,,20:13,,
TGB,TGB,2630,EJT1,KLAX,KSFO,,20:15,,
EMF,EMF,1207,AJT0,KLAX,KMEM,,20:16,,cargo
MAX,MAX,3826,EJT1,KLAX,KABQ,,20:18,,
VAL,VAL,1405,EJT1,KLAX,KOAK,,20:22,,
MAX,MAX,4143,EJT1,KLAX,KTUS,,20:23,,
FRT,FRT,2551,FRJ1,KLAX,KGEG,,20:27,,
ANG,ANG,656,AJT0,KLAX,ZBAA,,20:29,,
EMF,EMF,1100,AJT0,KLAX,KAFW,,20:32,,cargo
VAL,VAL,1184,EJT1,KLAX,KTUS,,20:33,,
VAL,VAL,1574,EJT1,KLAX,KEWR,,20:36,,
VAL,VAL,1205,EJT1,KLAX,KABQ,,20:39,,
TGB,TGB,1628,EJT1,KLAX,KPHX,,20:41,,
MAX,MAX,3598,EJT1,KLAX,KSJC,,20:42,,
VAL,VAL,1883,EJT1,KLAX,KSMF,,20:46,,
MAX,MAX,3307,EJT1,KLAX,KLAS,,20:48,,
VAL,VAL,848,EJT1,KLAX,KSJC,,21:01,,
LAW,LAW,12,AJT0,KLAX,YSSY,,21:05,,
VAL,VAL,887,EJT1,KLAX,KLAS,,21:07,,
EMF,EMF,1825,EJT1,KLAX,KOAK,,21:09,,cargo
MAX,MAX,4145,EJT1,KLAX,KDEN,,21:10,,
MAX,MAX,3790,EJT1,KLAX,KSAN,,21:11,,
MAX,MAX,6253,EJT1,KLAX,KPDX,,21:15,,
VAL,VAL,813,EJT1,KLAX,KOAK,,21:17,,
MAX,MAX,3320,EJT1,KLAX,KSJC,,21:19,,
RAA,RAA,113,EJT1,KLAX,KSEA,,21:20,,
MAX,MAX,808,BTRP,KLAX,KIPL,,21:21,,
VAL,VAL,772,EJT1,KLAX,KSFO,,21:22,,
MAX,MAX,362,EJT1,KLAX,MPTO,,21:24,,
MAX,MAX,3618,EJT1,KLAX,KSFO,,21:26,,
VAL,VAL,2985,EJT1,KLAX,KMIA,,21:28,,
EMF,EMF,5169,AJT0,KLAX,RCTP,,21:32,,cargo
MAX,MAX,2273,EJT1,KLAX,KDEN,,21:34,,
RAA,RAA,543,EJT1,KLAX,KPDX,,21:35,,
LAW,LAW,94,AJT0,KLAX,YMML,,21:37,,
EMF,EMF,1801,AJT0,KLAX,KOAK,,21:42,,cargo
RAA,RAA,3990,EJT1,KLAX,KSMF,,21:43,,
EMF,EMF,997,AJT0,KLAX,RKSI,,21:45,,cargo
LAW,LAW,268,AJT0,KLAX,EGLL,,21:46,,
VAL,VAL,100,EJT1,KLAX,KFLL,,21:50,,
VAL,VAL,310,EJT1,KLAX,KFLL,,21:51,,
VAL,VAL,103,AJT0,KLAX,RPLL,,21:52,,
DEN,DEN,2136,EJT1,KLAX,KLAS,,21:53,,
DEN,DEN,1024,EJT1,KLAX,KSLC,,21:58,,
DEN,DEN,552,EJT1,KLAX,KBOS,,22:00,,
DEN,DEN,849,EJT1,KLAX,KMCO,,22:01,,
VAL,VAL,128,EJT1,KLAX,KBWI,,22:02,,
LAW,LAW,1882,AJT0,KLAX,KEWR,,22:14,,
DEN,DEN,328,AJT0,KLAX,KJFK,,22:15,,
MAX,MAX,6265,FRJ1,KLAX,KSMF,,22:17,,
EMF,EMF,1835,AJT0,KLAX,KOAK,,22:19,,cargo
DEN,DEN,1254,EJT1,KLAX,KDTW,,22:22,,
TGB,TGB,336,EJT1,KLAX,KPHL,,22:24,,
VAL,VAL,2156,EJT1,KLAX,KLAS,,22:25,,
TGB,TGB,1763,EJT1,KLAX,KLAS,,22:26,,
ANG,ANG,602,AJT0,KLAX,ZBAA,,22:27,,
VAL,VAL,2797,EJT1,KLAX,KJAX,,22:28,,
ANG,ANG,605,EJT1,KLAX,MROC,,22:29,,
EMF,EMF,8366,AJT0,KLAX,RKSI,,22:31,,cargo
TGB,TGB,2091,EJT1,KLAX,KMCO,,22:34,,
RAA,RAA,4796,EJT1,KLAX,KSBA,,22:37,,
ANG,ANG,37,AJT0,KLAX,WSSS,,22:42,,
VAL,VAL,492,EJT1,KLAX,KBUF,,22:45,,
RAA,RAA,4788,EJT1,KLAX,KLAS,,22:46,,
MAX,MAX,5840,FRJ1,KLAX,KSAN,,22:47,,
RAA,RAA,705,EJT1,KLAX,KSEA,,22:48,,
PAV,PAV,7,AJT0,KLAX,RCTP,,22:49,,
TGB,TGB,362,AJT0,KLAX,KMIA,,22:50,,
TGB,TGB,2511,EJT1,KLAX,KCLT,,22:52,,
RAA,RAA,5510,EJT1,KLAX,KSBP,,22:54,,
TGB,TGB,2484,EJT1,KLAX,KFLL,,22:55,,
VAL,VAL,132,EJT1,KLAX,KMCO,,22:56,,
UAX,UAX,811,AJT0,KLAX,NFFN,,22:57,,
DEN,DEN,1072,EJT1,KLAX,KTPA,,22:59,,
ANG,ANG,203,AJT0,KLAX,RKSI,,23:00,,
RAA,RAA,360,BIZ0,KLAX,KRNO,,23:01,,
UAX,UAX,5,AJT0,KLAX,NZAA,,23:02,,
LAW,LAW,1597,EJT1,KLAX,KSFO,,23:03,,
LAW,LAW,1584,EJT1,KLAX,MGGT,,23:04,,
DEN,DEN,309,EJT1,KLAX,KATL,,23:05,,
EMF,EMF,214,AJT0,KLAX,KSFO,,23:06,,cargo
PAV,PAV,9,AJT0,KLAX,RCTP,,23:08,,
BTV,BTV,12,AJT0,KLAX,RKSI,,23:09,,
LAW,LAW,1786,EJT1,KLAX,KCLE,,23:10,,
DEN,DEN,933,EJT1,KLAX,KIND,,23:11,,
DEN,DEN,41,AJT0,KLAX,YSSY,,23:12,,
LAW,LAW,2018,EJT1,KLAX,KTPA,,23:13,,
TGB,TGB,73,AJT0,KLAX,YSSY,,23:15,,
VAL,VAL,709,EJT1,KLAX,KDTW,,23:17,,
LAW,LAW,2402,EJT1,KLAX,KBOS,,23:18,,
LAW,LAW,1266,EJT1,KLAX,MSLP,,23:23,,
LAW,LAW,1605,EJT1,KLAX,KBWI,,23:25,,
LAW,LAW,1891,EJT1,KLAX,KEWR,,23:26,,
DEN,DEN,1974,EJT1,KLAX,MROC,,23:29,,
FRT,FRT,901,EJT1,KLAX,MMMX,,23:30,,
LAW,LAW,301,EJT1,KLAX,KMCO,,23:31,,
TGB,TGB,1071,EJT1,KLAX,KATL,,23:32,,
LAW,LAW,839,AJT0,KLAX,YSSY,,23:34,,
VAL,VAL,988,EJT1,KLAX,KBOS,,23:36,,
FRT,FRT,921,EJT1,KLAX,MMMM,,23:38,,
DEN,DEN,403,EJT1,KLAX,KATL,,23:39,,
EMF,EMF,1821,AJT0,KLAX,MMGL,,23:45,,cargo
DEN,DEN,623,EJT1,KLAX,MMUN,,23:48,,
LAW,LAW,1654,EJT1,KLAX,MMUN,,23:49,,
TGB,TGB,581,EJT1,KLAX,KORD,,23:50,,
EMF,EMF,2650,EJT1,KLAX,KIND,,23:51,,cargo
FRT,FRT,919,EJT1,KLAX,MMGL,,23:53,,
TGB,TGB,993,EJT1,KLAX,KCLT,,23:56,,
VAL,VAL,1200,EJT1,KLAX,KATL,,23:59,,
